date,close,open,high,low,volume
2020-11-16T00:00:00+08:00,3.34,3.3,3.37,3.26,5379793.0
2020-11-17T00:00:00+08:00,3.35,3.33,3.37,3.33,3905817.0
2020-11-18T00:00:00+08:00,3.36,3.35,3.38,3.33,2091901.0
2020-11-19T00:00:00+08:00,3.32,3.34,3.36,3.31,3497400.0
2020-11-20T00:00:00+08:00,3.36,3.32,3.38,3.28,4703107.0
2020-11-23T00:00:00+08:00,3.41,3.35,3.44,3.35,5593873.0
2020-11-24T00:00:00+08:00,3.41,3.38,3.44,3.36,5752483.0
2020-11-25T00:00:00+08:00,3.37,3.43,3.45,3.37,6089400.0
2020-11-26T00:00:00+08:00,3.35,3.35,3.38,3.33,2927800.0
2020-11-27T00:00:00+08:00,3.38,3.36,3.42,3.35,3522587.0
2020-11-30T00:00:00+08:00,3.38,3.38,3.44,3.36,4644500.0
2020-12-01T00:00:00+08:00,3.4,3.35,3.41,3.35,4104454.0
2020-12-02T00:00:00+08:00,3.42,3.39,3.44,3.38,5001068.0
2020-12-03T00:00:00+08:00,3.41,3.42,3.42,3.35,3643749.0
2020-12-04T00:00:00+08:00,3.38,3.38,3.4,3.36,2547248.0
2020-12-07T00:00:00+08:00,3.34,3.37,3.39,3.34,2484600.0
2020-12-08T00:00:00+08:00,3.32,3.33,3.35,3.3,1834600.0
2020-12-09T00:00:00+08:00,3.27,3.31,3.34,3.26,2396201.0
2020-12-10T00:00:00+08:00,3.34,3.29,3.36,3.28,4476819.0
2020-12-11T00:00:00+08:00,3.26,3.36,3.41,3.25,6514800.0
2020-12-14T00:00:00+08:00,3.22,3.25,3.25,3.2,4249299.0
2020-12-15T00:00:00+08:00,3.25,3.21,3.27,3.2,1620520.0
2020-12-16T00:00:00+08:00,3.21,3.25,3.26,3.2,2410492.0
2020-12-17T00:00:00+08:00,3.3,3.21,3.32,3.19,4140792.0
2020-12-18T00:00:00+08:00,3.31,3.28,3.35,3.27,8660283.0
2020-12-21T00:00:00+08:00,3.32,3.33,3.34,3.3,5868875.0
2020-12-22T00:00:00+08:00,3.21,3.31,3.31,3.2,5735233.0
2020-12-23T00:00:00+08:00,3.19,3.2,3.22,3.16,5528136.0
2020-12-24T00:00:00+08:00,3.16,3.18,3.2,3.14,2763500.0
2020-12-25T00:00:00+08:00,3.22,3.16,3.22,3.13,3465371.0
2020-12-28T00:00:00+08:00,3.2,3.21,3.22,3.17,3107777.0
2020-12-29T00:00:00+08:00,3.21,3.2,3.32,3.17,5513501.0
2020-12-30T00:00:00+08:00,3.19,3.2,3.22,3.18,2381901.0
2020-12-31T00:00:00+08:00,3.2,3.19,3.21,3.17,3067465.0
2021-01-04T00:00:00+08:00,3.2,3.2,3.22,3.18,3904294.0
2021-01-05T00:00:00+08:00,3.18,3.18,3.19,3.15,3739966.0
2021-01-06T00:00:00+08:00,3.15,3.17,3.18,3.13,3107890.0
2021-01-07T00:00:00+08:00,3.16,3.15,3.18,3.14,4053149.0
2021-01-08T00:00:00+08:00,3.14,3.16,3.16,3.12,4080145.0
2021-01-11T00:00:00+08:00,3.06,3.13,3.13,3.06,3626858.0
2021-01-12T00:00:00+08:00,3.07,3.06,3.1,3.05,2524029.0
2021-01-13T00:00:00+08:00,3.06,3.07,3.08,3.01,3221652.0
2021-01-14T00:00:00+08:00,3.06,3.06,3.08,3.03,1581662.0
2021-01-15T00:00:00+08:00,3.07,3.06,3.09,3.05,1551097.0
2021-01-18T00:00:00+08:00,3.06,3.06,3.09,3.05,2622491.0
2021-01-19T00:00:00+08:00,3.07,3.06,3.08,3.05,2155374.0
2021-01-20T00:00:00+08:00,3.1,3.07,3.14,3.06,4518086.0
2021-01-21T00:00:00+08:00,3.09,3.11,3.11,3.08,3047588.0
2021-01-22T00:00:00+08:00,3.05,3.09,3.1,3.04,2025711.0
2021-01-25T00:00:00+08:00,3.03,3.04,3.05,3.02,1873005.0
2021-01-26T00:00:00+08:00,3.02,3.02,3.03,3.01,1406089.0
2021-01-27T00:00:00+08:00,3.02,3.02,3.03,3.01,1089978.0
2021-01-28T00:00:00+08:00,2.98,3.02,3.02,2.97,2425589.0
2021-01-29T00:00:00+08:00,2.89,2.98,2.99,2.86,4037619.0
2021-02-01T00:00:00+08:00,2.85,2.88,2.88,2.83,3203177.0
2021-02-02T00:00:00+08:00,2.85,2.85,2.86,2.83,1646957.0
2021-02-03T00:00:00+08:00,2.81,2.83,2.84,2.78,2915489.0
2021-02-04T00:00:00+08:00,2.81,2.81,2.83,2.76,3343670.0
2021-02-05T00:00:00+08:00,2.81,2.81,2.83,2.8,1688137.0
2021-02-08T00:00:00+08:00,2.85,2.81,2.85,2.79,2034720.0
2021-02-09T00:00:00+08:00,2.87,2.85,2.88,2.83,1147301.0
2021-02-10T00:00:00+08:00,2.86,2.87,2.89,2.86,1454691.0
2021-02-18T00:00:00+08:00,2.92,2.88,2.93,2.88,2853292.0
2021-02-19T00:00:00+08:00,2.96,2.92,2.96,2.9,3258491.0
2021-02-22T00:00:00+08:00,3.1,2.97,3.19,2.97,11472184.0
2021-02-23T00:00:00+08:00,3.08,3.1,3.13,3.06,4214774.0
2021-02-24T00:00:00+08:00,3.04,3.08,3.09,3.02,2991370.0
2021-02-25T00:00:00+08:00,3.07,3.04,3.1,3.04,4006440.0
2021-02-26T00:00:00+08:00,3.01,3.07,3.08,3.01,2842498.0
2021-03-01T00:00:00+08:00,3.1,3.01,3.12,3.01,3450756.0
2021-03-02T00:00:00+08:00,3.07,3.1,3.12,3.06,2300966.0
2021-03-03T00:00:00+08:00,3.19,3.07,3.2,3.07,11134828.0
2021-03-04T00:00:00+08:00,3.18,3.17,3.3,3.15,14319015.0
2021-03-05T00:00:00+08:00,3.08,3.13,3.14,3.04,8995125.0
2021-03-08T00:00:00+08:00,3.1,3.08,3.17,3.08,6755019.0
2021-03-09T00:00:00+08:00,3.19,3.1,3.27,3.02,15201392.0
2021-03-10T00:00:00+08:00,3.14,3.18,3.19,3.11,7597094.0
2021-03-11T00:00:00+08:00,3.24,3.14,3.25,3.11,13310194.0
2021-03-12T00:00:00+08:00,3.32,3.29,3.35,3.23,22698506.0
2021-03-15T00:00:00+08:00,3.36,3.33,3.46,3.3,24104648.0
2021-03-16T00:00:00+08:00,3.27,3.31,3.34,3.22,19272709.0
2021-03-17T00:00:00+08:00,3.22,3.26,3.27,3.18,10772817.0
2021-03-18T00:00:00+08:00,3.25,3.22,3.29,3.2,7184026.0
2021-03-19T00:00:00+08:00,3.21,3.2,3.27,3.19,6057223.0
2021-03-22T00:00:00+08:00,3.36,3.23,3.53,3.23,15650742.0
2021-03-23T00:00:00+08:00,3.24,3.34,3.34,3.2,9949143.0
2021-03-24T00:00:00+08:00,3.16,3.21,3.22,3.13,6512365.0
2021-03-25T00:00:00+08:00,3.17,3.17,3.19,3.15,2954658.0
2021-03-26T00:00:00+08:00,3.17,3.16,3.2,3.14,7761826.0
2021-03-29T00:00:00+08:00,3.2,3.17,3.24,3.15,9305779.0
2021-03-30T00:00:00+08:00,3.17,3.2,3.2,3.13,6601894.0
2021-03-31T00:00:00+08:00,3.2,3.18,3.22,3.17,8105826.0
2021-04-01T00:00:00+08:00,3.52,3.21,3.52,3.17,46950122.0
2021-04-02T00:00:00+08:00,3.35,3.59,3.59,3.3,47369354.0
2021-04-06T00:00:00+08:00,3.4,3.4,3.49,3.35,27235274.0
2021-04-07T00:00:00+08:00,3.74,3.39,3.74,3.36,56226447.0
2021-04-08T00:00:00+08:00,4.11,3.82,4.11,3.73,116359454.0
2021-04-09T00:00:00+08:00,3.87,4.11,4.19,3.71,87662359.0
2021-04-12T00:00:00+08:00,4.26,3.77,4.26,3.75,79463800.0
2021-04-13T00:00:00+08:00,4.23,4.45,4.62,4.18,129940931.0
2021-04-14T00:00:00+08:00,4.43,4.11,4.61,4.08,111604571.0
2021-04-15T00:00:00+08:00,4.43,4.43,4.43,4.43,0.0
2021-04-16T00:00:00+08:00,4.46,4.24,4.78,4.12,95478721.0
2021-04-19T00:00:00+08:00,4.23,4.37,4.38,4.2,55156815.0
2021-04-20T00:00:00+08:00,4.24,4.17,4.38,4.15,43267791.0
2021-04-21T00:00:00+08:00,4.03,4.18,4.18,3.95,40443073.0
2021-04-22T00:00:00+08:00,4.12,4.04,4.24,4.04,41815661.0
2021-04-23T00:00:00+08:00,4.13,4.12,4.21,4.0,43406573.0
2021-04-26T00:00:00+08:00,4.16,4.17,4.23,4.07,26191392.0
2021-04-27T00:00:00+08:00,4.21,4.15,4.21,4.02,22814089.0
2021-04-28T00:00:00+08:00,4.14,4.17,4.23,4.09,24862568.0
2021-04-29T00:00:00+08:00,4.06,4.07,4.1,3.85,26923918.0
2021-04-30T00:00:00+08:00,4.05,4.02,4.09,3.98,15971180.0
2021-05-06T00:00:00+08:00,4.46,4.14,4.46,4.14,50024721.0
2021-05-07T00:00:00+08:00,4.75,4.6,4.83,4.43,65307769.0
2021-05-10T00:00:00+08:00,5.23,4.88,5.23,4.71,67815702.0
2021-05-11T00:00:00+08:00,4.94,5.0,5.02,4.8,50691881.0
2021-05-12T00:00:00+08:00,4.91,4.85,5.04,4.81,38913045.0
2021-05-13T00:00:00+08:00,4.67,4.8,4.89,4.6,36377464.0
2021-05-14T00:00:00+08:00,4.55,4.7,4.72,4.42,29108899.0
2021-05-17T00:00:00+08:00,4.48,4.51,4.59,4.42,19177742.0
2021-05-18T00:00:00+08:00,4.62,4.53,4.67,4.5,25519496.0
2021-05-19T00:00:00+08:00,4.5,4.57,4.57,4.43,20392028.0
2021-05-20T00:00:00+08:00,4.23,4.29,4.34,4.15,29373425.0
2021-05-21T00:00:00+08:00,4.4,4.27,4.51,4.19,23557055.0
2021-05-24T00:00:00+08:00,4.3,4.24,4.36,4.22,13646400.0
2021-05-25T00:00:00+08:00,4.28,4.32,4.34,4.2,15313876.0
2021-05-26T00:00:00+08:00,4.26,4.23,4.34,4.22,10275965.0
2021-05-27T00:00:00+08:00,4.48,4.3,4.64,4.29,29865618.0
2021-05-28T00:00:00+08:00,4.35,4.57,4.62,4.33,27965375.0
2021-05-31T00:00:00+08:00,4.29,4.35,4.4,4.26,16685026.0
2021-06-01T00:00:00+08:00,4.29,4.26,4.32,4.1,20909499.0
2021-06-02T00:00:00+08:00,4.18,4.26,4.31,4.18,12834561.0
2021-06-03T00:00:00+08:00,4.27,4.18,4.47,4.17,26071753.0
2021-06-04T00:00:00+08:00,4.21,4.24,4.28,4.17,12189930.0
2021-06-07T00:00:00+08:00,4.15,4.21,4.25,4.13,12944048.0
2021-06-08T00:00:00+08:00,4.23,4.17,4.36,4.15,18398111.0
2021-06-09T00:00:00+08:00,4.32,4.23,4.4,4.22,18382964.0
2021-06-10T00:00:00+08:00,4.33,4.32,4.44,4.25,19903365.0
2021-06-11T00:00:00+08:00,4.48,4.35,4.5,4.33,32006865.0
2021-06-15T00:00:00+08:00,4.25,4.46,4.47,4.24,24996217.0
2021-06-16T00:00:00+08:00,4.19,4.27,4.34,4.17,14266346.0
2021-06-17T00:00:00+08:00,4.16,4.18,4.24,4.13,13704518.0
2021-06-18T00:00:00+08:00,4.19,4.16,4.21,4.05,13297426.0
2021-06-21T00:00:00+08:00,4.32,4.3,4.54,4.28,27824151.0
2021-06-22T00:00:00+08:00,4.26,4.29,4.36,4.23,17320447.0
2021-06-23T00:00:00+08:00,4.32,4.26,4.35,4.22,13954538.0
2021-06-24T00:00:00+08:00,4.36,4.33,4.5,4.26,18137413.0
2021-06-25T00:00:00+08:00,4.56,4.41,4.62,4.35,34975110.0
2021-06-28T00:00:00+08:00,4.32,4.49,4.49,4.26,34288755.0
2021-06-29T00:00:00+08:00,4.2,4.25,4.29,4.18,17085827.0
2021-06-30T00:00:00+08:00,4.62,4.5,4.62,4.34,92193773.0
2021-07-01T00:00:00+08:00,4.3,4.6,4.61,4.3,63796096.0
2021-07-02T00:00:00+08:00,4.33,4.27,4.37,4.24,34898941.0
2021-07-05T00:00:00+08:00,4.3,4.36,4.36,4.25,21478780.0
2021-07-06T00:00:00+08:00,4.23,4.28,4.31,4.18,22043860.0
2021-07-07T00:00:00+08:00,4.33,4.22,4.33,4.19,25620999.0
2021-07-08T00:00:00+08:00,4.22,4.31,4.32,4.21,18665031.0
2021-07-09T00:00:00+08:00,4.36,4.2,4.43,4.16,29756010.0
2021-07-12T00:00:00+08:00,4.46,4.41,4.64,4.41,42260842.0
2021-07-13T00:00:00+08:00,4.54,4.46,4.6,4.42,29981557.0
2021-07-14T00:00:00+08:00,4.56,4.57,4.69,4.52,28248674.0
2021-07-15T00:00:00+08:00,5.02,4.5,5.02,4.5,55008331.0
2021-07-16T00:00:00+08:00,5.12,5.02,5.35,5.02,68978363.0
2021-07-19T00:00:00+08:00,5.08,5.15,5.22,5.01,36378122.0
2021-07-20T00:00:00+08:00,4.9,4.98,4.99,4.8,30114977.0
2021-07-21T00:00:00+08:00,4.86,4.92,4.93,4.75,30467172.0
2021-07-22T00:00:00+08:00,5.17,4.88,5.2,4.86,46479759.0
2021-07-23T00:00:00+08:00,5.27,5.16,5.43,5.1,56670364.0
2021-07-26T00:00:00+08:00,5.07,5.28,5.3,4.92,31404723.0
2021-07-27T00:00:00+08:00,4.75,5.07,5.16,4.73,27565962.0
2021-07-28T00:00:00+08:00,4.67,4.74,4.82,4.52,23069903.0
2021-07-29T00:00:00+08:00,4.82,4.73,4.84,4.62,20924006.0
2021-07-30T00:00:00+08:00,5.18,4.76,5.23,4.73,35462445.0
2021-08-02T00:00:00+08:00,4.72,4.95,4.97,4.66,35844928.0
2021-08-03T00:00:00+08:00,4.58,4.63,4.7,4.53,20447703.0
2021-08-04T00:00:00+08:00,4.7,4.56,4.74,4.56,17976292.0
2021-08-05T00:00:00+08:00,4.77,4.68,4.91,4.63,22824372.0
2021-08-06T00:00:00+08:00,4.82,4.7,4.92,4.69,15722377.0
2021-08-09T00:00:00+08:00,4.85,4.8,4.9,4.73,14422233.0
2021-08-10T00:00:00+08:00,4.87,4.8,4.89,4.79,12231597.0
2021-08-11T00:00:00+08:00,5.02,4.89,5.05,4.89,18588316.0
2021-08-12T00:00:00+08:00,5.09,4.96,5.2,4.92,25960725.0
2021-08-13T00:00:00+08:00,5.2,5.06,5.22,5.02,22094727.0
2021-08-16T00:00:00+08:00,5.19,5.27,5.34,5.07,20630393.0
2021-08-17T00:00:00+08:00,5.11,5.18,5.31,5.03,25676579.0
2021-08-18T00:00:00+08:00,5.35,5.16,5.36,5.16,34732868.0
2021-08-19T00:00:00+08:00,5.03,5.17,5.17,4.82,43046062.0
2021-08-20T00:00:00+08:00,5.09,5.0,5.18,4.9,37245294.0
2021-08-23T00:00:00+08:00,4.91,5.18,5.28,4.9,36627096.0
2021-08-24T00:00:00+08:00,5.09,4.87,5.17,4.87,36648014.0
2021-08-25T00:00:00+08:00,5.28,5.14,5.33,4.98,34035750.0
2021-08-26T00:00:00+08:00,5.81,5.64,5.81,5.64,33162482.0
2021-08-27T00:00:00+08:00,5.83,5.81,5.85,5.46,82043029.0
2021-08-30T00:00:00+08:00,5.71,5.93,5.95,5.66,45511681.0
2021-08-31T00:00:00+08:00,6.28,5.7,6.28,5.68,74075513.0
2021-09-01T00:00:00+08:00,6.34,6.5,6.78,6.11,76218433.0
2021-09-02T00:00:00+08:00,6.49,6.25,6.63,6.11,51158069.0
2021-09-03T00:00:00+08:00,6.67,6.43,6.83,6.3,63455460.0
2021-09-06T00:00:00+08:00,6.74,6.57,6.81,6.44,61507608.0
2021-09-07T00:00:00+08:00,7.41,6.72,7.41,6.65,86048895.0
2021-09-08T00:00:00+08:00,6.91,7.06,7.18,6.87,147749024.0
2021-09-09T00:00:00+08:00,7.35,6.95,7.48,6.78,138231193.0
2021-09-10T00:00:00+08:00,7.05,7.1,7.19,6.99,86940485.0
2021-09-13T00:00:00+08:00,7.05,6.98,7.12,6.83,54748567.0
2021-09-14T00:00:00+08:00,6.78,6.95,7.03,6.76,43351773.0
2021-09-15T00:00:00+08:00,6.66,6.7,6.84,6.6,45664116.0
2021-09-16T00:00:00+08:00,6.53,6.84,6.97,6.4,66181642.0
2021-09-17T00:00:00+08:00,6.31,6.48,6.61,6.06,67190231.0
2021-09-22T00:00:00+08:00,6.26,6.26,6.28,6.04,60458635.0
2021-09-23T00:00:00+08:00,6.4,6.37,6.46,6.21,56902475.0
2021-09-24T00:00:00+08:00,6.09,6.29,6.36,6.06,41009623.0
2021-09-27T00:00:00+08:00,5.98,6.04,6.12,5.82,44370979.0
2021-09-28T00:00:00+08:00,5.81,6.0,6.03,5.69,39153120.0
2021-09-29T00:00:00+08:00,5.35,5.81,5.87,5.31,38138342.0
2021-09-30T00:00:00+08:00,5.47,5.46,5.53,5.32,33073607.0
2021-10-08T00:00:00+08:00,5.45,5.53,5.61,5.29,41204253.0
2021-10-11T00:00:00+08:00,5.27,5.43,5.46,5.18,45077311.0
2021-10-12T00:00:00+08:00,5.68,5.5,5.8,5.33,131638089.0
2021-10-13T00:00:00+08:00,4.79,5.1,5.1,4.69,95058418.0
2021-10-14T00:00:00+08:00,4.88,4.79,5.03,4.65,64957724.0
2021-10-15T00:00:00+08:00,4.86,4.88,4.89,4.75,40384844.0
2021-10-18T00:00:00+08:00,4.95,4.85,5.01,4.76,44127567.0
2021-10-19T00:00:00+08:00,5.02,4.95,5.02,4.83,42023049.0
2021-10-20T00:00:00+08:00,5.04,4.92,5.17,4.8,55571124.0
2021-10-21T00:00:00+08:00,5.1,5.08,5.32,5.02,58613774.0
2021-10-22T00:00:00+08:00,4.83,5.08,5.15,4.81,63090732.0
2021-10-25T00:00:00+08:00,4.86,4.82,4.91,4.71,45406444.0
2021-10-26T00:00:00+08:00,4.77,4.88,4.91,4.76,48486229.0
2021-10-27T00:00:00+08:00,4.62,4.74,4.76,4.62,33434038.0
2021-10-28T00:00:00+08:00,4.47,4.61,4.65,4.41,56991708.0
2021-10-29T00:00:00+08:00,4.55,4.5,4.67,4.48,42882294.0
2021-11-01T00:00:00+08:00,4.66,4.57,4.7,4.55,31543169.0
2021-11-02T00:00:00+08:00,4.36,4.63,4.65,4.28,44717514.0
2021-11-03T00:00:00+08:00,4.39,4.35,4.44,4.31,25512671.0
2021-11-04T00:00:00+08:00,4.29,4.36,4.39,4.26,29569587.0
2021-11-05T00:00:00+08:00,4.1,4.27,4.27,4.09,37944780.0
2021-11-08T00:00:00+08:00,4.09,4.13,4.2,4.07,30778267.0
2021-11-09T00:00:00+08:00,4.04,4.08,4.13,3.99,28501983.0
2021-11-10T00:00:00+08:00,4.05,3.99,4.09,3.9,40953953.0
2021-11-11T00:00:00+08:00,4.18,4.15,4.26,4.07,48800358.0
2021-11-12T00:00:00+08:00,4.03,4.12,4.19,4.01,45887274.0
2021-11-15T00:00:00+08:00,4.04,4.03,4.06,3.96,27506189.0
2021-11-16T00:00:00+08:00,3.93,4.04,4.05,3.93,21560343.0
2021-11-17T00:00:00+08:00,3.96,3.92,3.99,3.91,22286302.0
2021-11-18T00:00:00+08:00,3.97,3.96,4.04,3.95,27000971.0
2021-11-19T00:00:00+08:00,4.07,3.96,4.08,3.92,28689035.0
2021-11-22T00:00:00+08:00,4.06,4.07,4.18,4.04,31060448.0
2021-11-23T00:00:00+08:00,4.21,4.06,4.31,4.05,55515232.0
2021-11-24T00:00:00+08:00,4.19,4.23,4.24,4.13,31889931.0
2021-11-25T00:00:00+08:00,4.09,4.22,4.23,4.07,30460876.0
2021-11-26T00:00:00+08:00,4.15,4.07,4.22,4.04,31832510.0
2021-11-29T00:00:00+08:00,4.08,4.09,4.14,4.02,19138145.0
2021-11-30T00:00:00+08:00,4.08,4.1,4.17,4.06,20462784.0
2021-12-01T00:00:00+08:00,4.16,4.07,4.16,4.05,22018756.0
2021-12-02T00:00:00+08:00,4.19,4.14,4.21,4.1,34612321.0
2021-12-03T00:00:00+08:00,4.24,4.2,4.25,4.13,32252588.0
2021-12-06T00:00:00+08:00,4.22,4.24,4.38,4.21,37271699.0
2021-12-07T00:00:00+08:00,4.34,4.26,4.38,4.22,40646591.0
2021-12-08T00:00:00+08:00,4.32,4.33,4.35,4.27,26664103.0
2021-12-09T00:00:00+08:00,4.32,4.28,4.33,4.24,24147385.0
2021-12-10T00:00:00+08:00,4.25,4.28,4.3,4.23,24381351.0
2021-12-13T00:00:00+08:00,4.25,4.24,4.29,4.23,18745819.0
2021-12-14T00:00:00+08:00,4.14,4.24,4.25,4.12,24257598.0
2021-12-15T00:00:00+08:00,4.16,4.15,4.19,4.13,20892432.0
2021-12-16T00:00:00+08:00,4.3,4.16,4.31,4.14,39989823.0
2021-12-17T00:00:00+08:00,4.33,4.35,4.43,4.3,44180662.0
2021-12-20T00:00:00+08:00,4.26,4.35,4.38,4.24,25743690.0
2021-12-21T00:00:00+08:00,4.35,4.24,4.36,4.21,24583195.0
2021-12-22T00:00:00+08:00,4.28,4.38,4.39,4.26,24673600.0
2021-12-23T00:00:00+08:00,4.39,4.34,4.4,4.34,36904564.0
2021-12-24T00:00:00+08:00,4.28,4.37,4.39,4.28,17488329.0
2021-12-27T00:00:00+08:00,4.22,4.25,4.26,4.18,13953936.0
2021-12-28T00:00:00+08:00,4.24,4.22,4.24,4.15,16648798.0
2021-12-29T00:00:00+08:00,4.25,4.22,4.31,4.2,14173871.0
2021-12-30T00:00:00+08:00,4.19,4.25,4.29,4.18,18325026.0
2021-12-31T00:00:00+08:00,4.2,4.18,4.24,4.16,13341357.0
2022-01-04T00:00:00+08:00,4.32,4.22,4.38,4.21,38245944.0
2022-01-05T00:00:00+08:00,4.31,4.37,4.4,4.3,23496026.0
2022-01-06T00:00:00+08:00,4.38,4.32,4.42,4.29,24895575.0
2022-01-07T00:00:00+08:00,4.48,4.41,4.54,4.36,37768220.0
2022-01-10T00:00:00+08:00,4.53,4.52,4.56,4.46,37790638.0
2022-01-11T00:00:00+08:00,4.6,4.5,4.68,4.5,32852687.0
2022-01-12T00:00:00+08:00,4.52,4.61,4.64,4.47,31976939.0
2022-01-13T00:00:00+08:00,4.45,4.52,4.56,4.44,22036412.0
2022-01-14T00:00:00+08:00,4.34,4.48,4.49,4.31,22902585.0
2022-01-17T00:00:00+08:00,4.32,4.3,4.34,4.27,16659232.0
2022-01-18T00:00:00+08:00,4.39,4.34,4.45,4.33,20416109.0
2022-01-19T00:00:00+08:00,4.49,4.47,4.58,4.44,36205985.0
2022-01-20T00:00:00+08:00,4.46,4.48,4.65,4.43,37554984.0
2022-01-21T00:00:00+08:00,4.39,4.47,4.48,4.35,23771115.0
2022-01-24T00:00:00+08:00,4.36,4.39,4.43,4.25,19495122.0
2022-01-25T00:00:00+08:00,4.18,4.34,4.35,4.17,20870380.0
2022-01-26T00:00:00+08:00,4.28,4.2,4.32,4.14,20811696.0
2022-01-27T00:00:00+08:00,4.19,4.27,4.35,4.17,22491467.0
2022-01-28T00:00:00+08:00,3.78,4.01,4.01,3.77,84287957.0
2022-02-07T00:00:00+08:00,3.98,3.78,4.01,3.7,80927829.0
2022-02-08T00:00:00+08:00,4.18,3.96,4.19,3.96,54103369.0
2022-02-09T00:00:00+08:00,4.16,4.19,4.24,4.1,33911077.0
2022-02-10T00:00:00+08:00,4.19,4.16,4.21,4.12,26151114.0
2022-02-11T00:00:00+08:00,4.16,4.23,4.31,4.16,27970188.0
2022-02-14T00:00:00+08:00,4.05,4.12,4.16,4.02,25134637.0
2022-02-15T00:00:00+08:00,4.0,4.05,4.07,3.95,19150689.0
2022-02-16T00:00:00+08:00,4.11,4.05,4.19,4.03,22561789.0
2022-02-17T00:00:00+08:00,4.13,4.12,4.15,4.07,21379687.0
2022-02-18T00:00:00+08:00,4.29,4.12,4.29,4.08,39071537.0
2022-02-21T00:00:00+08:00,4.31,4.3,4.31,4.22,18593454.0
2022-02-22T00:00:00+08:00,4.26,4.29,4.34,4.21,20878768.0
2022-02-23T00:00:00+08:00,4.25,4.3,4.3,4.2,14957373.0
2022-02-24T00:00:00+08:00,4.13,4.22,4.25,4.09,21120076.0
2022-02-25T00:00:00+08:00,4.17,4.16,4.27,4.11,18879644.0
2022-02-28T00:00:00+08:00,4.17,4.17,4.2,4.09,15132586.0
2022-03-01T00:00:00+08:00,4.23,4.17,4.29,4.15,21417392.0
2022-03-02T00:00:00+08:00,4.25,4.18,4.28,4.16,22278228.0
2022-03-03T00:00:00+08:00,4.34,4.27,4.35,4.25,32741721.0
2022-03-04T00:00:00+08:00,4.27,4.34,4.4,4.22,26665264.0
2022-03-07T00:00:00+08:00,4.24,4.33,4.35,4.22,24011255.0
2022-03-08T00:00:00+08:00,4.07,4.24,4.25,4.03,26142109.0
2022-03-09T00:00:00+08:00,3.96,4.07,4.1,3.8,26167466.0
2022-03-10T00:00:00+08:00,3.98,4.02,4.05,3.95,18532102.0
2022-03-11T00:00:00+08:00,3.99,3.92,3.99,3.83,19076536.0
2022-03-14T00:00:00+08:00,3.85,3.92,3.99,3.85,16362859.0
2022-03-15T00:00:00+08:00,3.51,3.83,3.84,3.49,37243264.0
2022-03-16T00:00:00+08:00,3.59,3.53,3.62,3.4,29598898.0
2022-03-17T00:00:00+08:00,3.65,3.62,3.71,3.6,22683259.0
2022-03-18T00:00:00+08:00,3.76,3.69,3.79,3.6,22906696.0
2022-03-21T00:00:00+08:00,3.79,3.81,3.85,3.71,15525399.0
2022-03-22T00:00:00+08:00,4.0,3.79,4.05,3.75,35457030.0
2022-03-23T00:00:00+08:00,3.93,3.97,4.03,3.91,20988198.0
2022-03-24T00:00:00+08:00,4.0,3.97,4.06,3.92,24145653.0
2022-03-25T00:00:00+08:00,4.16,4.04,4.27,4.03,46300422.0
2022-03-28T00:00:00+08:00,4.18,4.08,4.26,4.07,80095522.0
2022-03-29T00:00:00+08:00,4.19,4.19,4.25,4.17,40575450.0
2022-03-30T00:00:00+08:00,4.21,4.22,4.24,4.15,28283888.0
2022-03-31T00:00:00+08:00,4.31,4.2,4.4,4.19,44858129.0
2022-04-01T00:00:00+08:00,4.37,4.31,4.37,4.28,30460701.0
2022-04-06T00:00:00+08:00,4.57,4.39,4.6,4.37,52302154.0
2022-04-07T00:00:00+08:00,4.48,4.53,4.6,4.46,53477543.0
2022-04-08T00:00:00+08:00,4.53,4.46,4.56,4.42,34621718.0
2022-04-11T00:00:00+08:00,4.48,4.51,4.56,4.46,38358599.0
2022-04-12T00:00:00+08:00,4.48,4.45,4.52,4.41,25149955.0
2022-04-13T00:00:00+08:00,4.45,4.48,4.52,4.41,26314791.0
2022-04-14T00:00:00+08:00,4.5,4.45,4.53,4.45,27630392.0
2022-04-15T00:00:00+08:00,4.55,4.5,4.66,4.47,43012494.0
2022-04-18T00:00:00+08:00,4.43,4.52,4.53,4.41,28304048.0
2022-04-19T00:00:00+08:00,4.51,4.45,4.55,4.41,24721386.0
2022-04-20T00:00:00+08:00,4.4,4.53,4.6,4.38,35977983.0
2022-04-21T00:00:00+08:00,4.21,4.42,4.42,4.2,31408151.0
2022-04-22T00:00:00+08:00,4.33,4.2,4.35,4.13,27405514.0
2022-04-25T00:00:00+08:00,4.08,4.31,4.31,4.07,28831728.0
2022-04-26T00:00:00+08:00,4.09,4.09,4.2,4.0,24296180.0
2022-04-27T00:00:00+08:00,4.08,3.98,4.08,3.8,32731226.0
2022-04-28T00:00:00+08:00,3.99,4.02,4.06,3.93,21227854.0
2022-04-29T00:00:00+08:00,4.11,3.99,4.12,3.99,22484796.0
2022-05-05T00:00:00+08:00,4.25,4.1,4.28,4.1,22266706.0
2022-05-06T00:00:00+08:00,4.12,4.17,4.17,4.08,20072359.0
2022-05-09T00:00:00+08:00,4.11,4.08,4.14,4.05,12543778.0
2022-05-10T00:00:00+08:00,4.09,4.06,4.11,4.0,15976662.0
2022-05-11T00:00:00+08:00,4.1,4.08,4.15,4.06,16082192.0
2022-05-12T00:00:00+08:00,4.06,4.07,4.1,4.01,13233095.0
2022-05-13T00:00:00+08:00,4.08,4.06,4.08,4.04,8840864.0
2022-05-16T00:00:00+08:00,4.09,4.09,4.11,4.06,9519307.0
2022-05-17T00:00:00+08:00,4.06,4.08,4.09,4.03,8194452.0
2022-05-18T00:00:00+08:00,4.07,4.08,4.08,4.05,7077266.0
2022-05-19T00:00:00+08:00,4.05,4.03,4.05,4.0,9495800.0
2022-05-20T00:00:00+08:00,4.1,4.04,4.11,4.03,13881163.0
2022-05-23T00:00:00+08:00,4.23,4.13,4.23,4.11,23792190.0
2022-05-24T00:00:00+08:00,4.14,4.23,4.23,4.13,17502990.0
2022-05-25T00:00:00+08:00,4.14,4.1,4.15,4.09,15321488.0
2022-05-26T00:00:00+08:00,4.19,4.15,4.21,4.13,14027145.0
2022-05-27T00:00:00+08:00,4.21,4.21,4.23,4.17,19066169.0
2022-05-30T00:00:00+08:00,4.24,4.21,4.25,4.2,14095963.0
2022-05-31T00:00:00+08:00,4.27,4.23,4.29,4.22,13308236.0
2022-06-01T00:00:00+08:00,4.28,4.27,4.29,4.24,13485477.0
2022-06-02T00:00:00+08:00,4.42,4.26,4.42,4.26,29921094.0
2022-06-06T00:00:00+08:00,4.65,4.43,4.68,4.42,53176693.0
2022-06-07T00:00:00+08:00,4.64,4.65,4.75,4.58,32602072.0
2022-06-08T00:00:00+08:00,4.77,4.68,4.78,4.64,42100501.0
2022-06-09T00:00:00+08:00,4.8,4.76,4.84,4.72,35170479.0
2022-06-10T00:00:00+08:00,4.76,4.77,4.79,4.7,29522495.0
2022-06-13T00:00:00+08:00,4.71,4.71,4.79,4.65,38369820.0
2022-06-14T00:00:00+08:00,4.76,4.69,4.77,4.61,35450845.0
2022-06-15T00:00:00+08:00,4.78,4.78,4.82,4.73,64333445.0
2022-06-16T00:00:00+08:00,3.9,3.99,4.05,3.82,73284432.0
2022-06-17T00:00:00+08:00,3.82,3.89,3.89,3.79,30703242.0
2022-06-20T00:00:00+08:00,3.73,3.8,3.8,3.72,24477907.0
2022-06-21T00:00:00+08:00,3.68,3.72,3.74,3.66,23744596.0
2022-06-22T00:00:00+08:00,3.62,3.69,3.7,3.61,18651056.0
2022-06-23T00:00:00+08:00,3.68,3.61,3.68,3.61,17628929.0
2022-06-24T00:00:00+08:00,3.66,3.68,3.69,3.64,13776964.0
2022-06-27T00:00:00+08:00,3.63,3.67,3.68,3.62,12298232.0
2022-06-28T00:00:00+08:00,3.66,3.63,3.66,3.61,11987709.0
2022-06-29T00:00:00+08:00,3.59,3.65,3.68,3.58,18632785.0
2022-06-30T00:00:00+08:00,3.6,3.6,3.63,3.59,10489251.0
2022-07-01T00:00:00+08:00,3.57,3.59,3.6,3.54,11826769.0
2022-07-04T00:00:00+08:00,3.54,3.56,3.57,3.53,9880193.0
2022-07-05T00:00:00+08:00,3.58,3.55,3.6,3.53,15647603.0
2022-07-06T00:00:00+08:00,3.52,3.58,3.59,3.49,13938695.0
2022-07-07T00:00:00+08:00,3.52,3.51,3.55,3.49,6934067.0
2022-07-08T00:00:00+08:00,3.51,3.54,3.54,3.5,6205000.0
2022-07-11T00:00:00+08:00,3.45,3.51,3.51,3.45,9563273.0
2022-07-12T00:00:00+08:00,3.47,3.45,3.49,3.43,7184751.0
2022-07-13T00:00:00+08:00,3.48,3.46,3.49,3.44,6510102.0
2022-07-14T00:00:00+08:00,3.43,3.45,3.49,3.43,9315887.0
2022-07-15T00:00:00+08:00,3.31,3.43,3.43,3.3,12130762.0
2022-07-18T00:00:00+08:00,3.36,3.31,3.37,3.3,8672039.0
2022-07-19T00:00:00+08:00,3.46,3.38,3.46,3.36,11550640.0
2022-07-20T00:00:00+08:00,3.49,3.46,3.49,3.44,7957862.0
2022-07-21T00:00:00+08:00,3.47,3.5,3.5,3.46,5943424.0
2022-07-22T00:00:00+08:00,3.45,3.49,3.5,3.41,6458433.0
2022-07-25T00:00:00+08:00,3.4,3.46,3.48,3.4,5886477.0
2022-07-26T00:00:00+08:00,3.46,3.38,3.48,3.36,8540075.0
2022-07-27T00:00:00+08:00,3.45,3.45,3.46,3.43,3793394.0
2022-07-28T00:00:00+08:00,3.47,3.44,3.49,3.44,5815501.0
2022-07-29T00:00:00+08:00,3.51,3.48,3.52,3.47,8414610.0
2022-08-01T00:00:00+08:00,3.56,3.51,3.58,3.5,12651950.0
2022-08-02T00:00:00+08:00,3.5,3.56,3.56,3.42,13595504.0
2022-08-03T00:00:00+08:00,3.42,3.43,3.54,3.41,7731488.0
2022-08-04T00:00:00+08:00,3.44,3.43,3.46,3.41,4916500.0
2022-08-05T00:00:00+08:00,3.5,3.45,3.5,3.42,4800600.0
2022-08-08T00:00:00+08:00,3.48,3.5,3.53,3.47,4464798.0
2022-08-09T00:00:00+08:00,3.47,3.5,3.5,3.45,4706199.0
2022-08-10T00:00:00+08:00,3.42,3.44,3.46,3.41,6283200.0
2022-08-11T00:00:00+08:00,3.46,3.43,3.47,3.43,7386302.0
2022-08-12T00:00:00+08:00,3.46,3.45,3.48,3.44,5941411.0
2022-08-15T00:00:00+08:00,3.45,3.47,3.47,3.44,5878282.0
2022-08-16T00:00:00+08:00,3.45,3.44,3.46,3.43,5600718.0
2022-08-17T00:00:00+08:00,3.48,3.46,3.49,3.45,6572802.0
2022-08-18T00:00:00+08:00,3.42,3.47,3.47,3.41,9333399.0
2022-08-19T00:00:00+08:00,3.4,3.43,3.44,3.4,5192700.0
2022-08-22T00:00:00+08:00,3.43,3.39,3.46,3.37,8616200.0
2022-08-23T00:00:00+08:00,3.43,3.42,3.44,3.4,5458479.0
2022-08-24T00:00:00+08:00,3.39,3.42,3.44,3.38,9306614.0
2022-08-25T00:00:00+08:00,3.4,3.39,3.41,3.38,4668999.0
2022-08-26T00:00:00+08:00,3.39,3.38,3.41,3.37,3827192.0
2022-08-29T00:00:00+08:00,3.39,3.36,3.39,3.34,4360260.0
2022-08-30T00:00:00+08:00,3.38,3.38,3.4,3.37,3760113.0
2022-08-31T00:00:00+08:00,3.37,3.37,3.4,3.36,5375644.0
2022-09-01T00:00:00+08:00,3.36,3.37,3.39,3.35,5081801.0
2022-09-02T00:00:00+08:00,3.35,3.36,3.37,3.35,2935690.0
2022-09-05T00:00:00+08:00,3.39,3.35,3.39,3.34,4601342.0
2022-09-06T00:00:00+08:00,3.43,3.39,3.43,3.39,8088109.0
2022-09-07T00:00:00+08:00,3.43,3.43,3.44,3.4,5369250.0
2022-09-08T00:00:00+08:00,3.45,3.43,3.46,3.41,8431232.0
2022-09-09T00:00:00+08:00,3.46,3.47,3.47,3.42,5599834.0
2022-09-13T00:00:00+08:00,3.42,3.46,3.47,3.42,4116347.0
2022-09-14T00:00:00+08:00,3.4,3.4,3.42,3.38,4711912.0
2022-09-15T00:00:00+08:00,3.37,3.41,3.43,3.35,5706479.0
2022-09-16T00:00:00+08:00,3.29,3.37,3.39,3.28,6536809.0
2022-09-19T00:00:00+08:00,3.29,3.25,3.31,3.23,7322547.0
2022-09-20T00:00:00+08:00,3.28,3.29,3.32,3.25,5111194.0
2022-09-21T00:00:00+08:00,3.32,3.27,3.33,3.24,5171288.0
2022-09-22T00:00:00+08:00,3.31,3.3,3.34,3.29,2691483.0
2022-09-23T00:00:00+08:00,3.29,3.31,3.32,3.26,2564186.0
2022-09-26T00:00:00+08:00,3.22,3.31,3.31,3.21,4859500.0
2022-09-27T00:00:00+08:00,3.23,3.24,3.25,3.2,3591205.0
2022-09-28T00:00:00+08:00,3.16,3.23,3.23,3.15,3814905.0
2022-09-29T00:00:00+08:00,3.11,3.17,3.19,3.09,3809411.0
2022-09-30T00:00:00+08:00,3.12,3.1,3.13,3.09,3398419.0
2022-10-10T00:00:00+08:00,3.15,3.13,3.18,3.13,3947547.0
2022-10-11T00:00:00+08:00,3.09,3.13,3.15,3.06,4227699.0
2022-10-12T00:00:00+08:00,3.13,3.11,3.13,3.07,4601477.0
2022-10-13T00:00:00+08:00,3.13,3.14,3.15,3.09,3490227.0
2022-10-14T00:00:00+08:00,3.18,3.14,3.2,3.14,5014167.0
2022-10-17T00:00:00+08:00,3.2,3.21,3.21,3.16,3860663.0
2022-10-18T00:00:00+08:00,3.2,3.17,3.22,3.16,6913278.0
2022-10-19T00:00:00+08:00,3.15,3.2,3.2,3.14,4368100.0
2022-10-20T00:00:00+08:00,3.13,3.14,3.16,3.1,3804999.0
2022-10-21T00:00:00+08:00,3.12,3.14,3.16,3.12,2703300.0
2022-10-24T00:00:00+08:00,3.11,3.14,3.17,3.08,4330760.0
2022-10-25T00:00:00+08:00,3.09,3.11,3.12,3.06,4308432.0
2022-10-26T00:00:00+08:00,3.1,3.11,3.13,3.09,4238488.0
2022-10-27T00:00:00+08:00,3.09,3.11,3.12,3.08,4782973.0
2022-10-28T00:00:00+08:00,2.83,3.0,3.0,2.8,16245624.0
2022-10-31T00:00:00+08:00,2.83,2.83,2.88,2.81,5630839.0
2022-11-01T00:00:00+08:00,2.87,2.83,2.89,2.8,9367208.0
2022-11-02T00:00:00+08:00,2.89,2.87,2.9,2.85,5117745.0
2022-11-03T00:00:00+08:00,2.9,2.88,2.92,2.87,4122193.0
2022-11-04T00:00:00+08:00,2.93,2.88,2.94,2.88,5404093.0
2022-11-07T00:00:00+08:00,3.01,2.93,3.01,2.93,7026700.0
2022-11-08T00:00:00+08:00,3.01,3.02,3.03,2.98,4080863.0
2022-11-09T00:00:00+08:00,3.03,3.01,3.08,3.0,3875300.0
2022-11-10T00:00:00+08:00,3.08,3.02,3.1,3.0,7324868.0
2022-11-11T00:00:00+08:00,3.11,3.11,3.15,3.09,6396288.0
2022-11-14T00:00:00+08:00,3.11,3.1,3.15,3.09,5624125.0
2022-11-15T00:00:00+08:00,3.12,3.09,3.13,3.09,3695968.0
2022-11-16T00:00:00+08:00,3.11,3.14,3.14,3.11,4165502.0
2022-11-17T00:00:00+08:00,3.12,3.13,3.14,3.11,5373344.0
2022-11-18T00:00:00+08:00,3.07,3.13,3.14,3.07,6254300.0
2022-11-21T00:00:00+08:00,3.07,3.08,3.12,3.03,6788233.0
2022-11-22T00:00:00+08:00,3.11,3.07,3.14,3.07,6938672.0
2022-11-23T00:00:00+08:00,3.11,3.14,3.14,3.09,4323415.0
2022-11-24T00:00:00+08:00,3.13,3.12,3.14,3.1,5491379.0
2022-11-25T00:00:00+08:00,3.24,3.12,3.27,3.11,17704619.0
2022-11-28T00:00:00+08:00,3.15,3.24,3.25,3.12,11888747.0
2022-11-29T00:00:00+08:00,3.2,3.18,3.22,3.15,10843443.0
2022-11-30T00:00:00+08:00,3.2,3.22,3.24,3.19,9089168.0
2022-12-01T00:00:00+08:00,3.17,3.21,3.24,3.16,7586696.0
2022-12-02T00:00:00+08:00,3.14,3.19,3.19,3.14,5314726.0
2022-12-05T00:00:00+08:00,3.25,3.14,3.27,3.14,15607576.0
2022-12-06T00:00:00+08:00,3.19,3.24,3.26,3.19,9689900.0
2022-12-07T00:00:00+08:00,3.17,3.23,3.23,3.16,7448421.0
2022-12-08T00:00:00+08:00,3.16,3.19,3.2,3.15,6460299.0
2022-12-09T00:00:00+08:00,3.21,3.19,3.22,3.15,6900962.0
2022-12-12T00:00:00+08:00,3.1,3.2,3.21,3.1,9312517.0
2022-12-13T00:00:00+08:00,3.16,3.12,3.19,3.11,8165595.0
2022-12-14T00:00:00+08:00,3.11,3.16,3.17,3.1,5840984.0
2022-12-15T00:00:00+08:00,3.1,3.11,3.14,3.08,5046420.0
2022-12-16T00:00:00+08:00,3.16,3.09,3.17,3.08,7799864.0
2022-12-19T00:00:00+08:00,3.07,3.16,3.17,3.07,8691645.0
2022-12-20T00:00:00+08:00,3.05,3.07,3.1,3.01,5138936.0
2022-12-21T00:00:00+08:00,3.06,3.07,3.09,3.03,4106059.0
2022-12-22T00:00:00+08:00,3.0,3.07,3.1,3.0,4928103.0
2022-12-23T00:00:00+08:00,2.99,2.99,3.03,2.98,3321100.0
2022-12-26T00:00:00+08:00,2.96,3.01,3.02,2.95,4774184.0
2022-12-27T00:00:00+08:00,2.98,2.95,3.0,2.95,3495317.0
2022-12-28T00:00:00+08:00,2.98,2.98,3.01,2.96,3520388.0
2022-12-29T00:00:00+08:00,2.95,3.01,3.01,2.94,4403907.0
2022-12-30T00:00:00+08:00,2.95,2.97,2.97,2.94,2812257.0
2023-01-03T00:00:00+08:00,2.99,2.96,3.02,2.94,5802910.0
2023-01-04T00:00:00+08:00,3.02,3.01,3.04,3.0,4740432.0
2023-01-05T00:00:00+08:00,3.0,3.02,3.03,2.98,4602785.0
2023-01-06T00:00:00+08:00,3.0,3.0,3.02,2.99,3970400.0
2023-01-09T00:00:00+08:00,2.99,2.99,3.04,2.98,3987600.0
2023-01-10T00:00:00+08:00,2.97,2.99,2.99,2.95,3822532.0
2023-01-11T00:00:00+08:00,2.97,2.98,2.99,2.96,3983818.0
2023-01-12T00:00:00+08:00,2.95,2.96,2.98,2.94,4037870.0
2023-01-13T00:00:00+08:00,2.96,2.96,2.99,2.94,4282100.0
2023-01-16T00:00:00+08:00,2.97,2.97,2.99,2.94,6266359.0
2023-01-17T00:00:00+08:00,2.96,2.99,2.99,2.95,3110000.0
2023-01-18T00:00:00+08:00,2.97,2.97,2.98,2.95,3636600.0
2023-01-19T00:00:00+08:00,3.0,2.98,3.01,2.96,5534970.0
2023-01-20T00:00:00+08:00,3.06,3.03,3.07,3.0,5996295.0
2023-01-30T00:00:00+08:00,3.11,3.1,3.13,3.09,7291504.0
2023-01-31T00:00:00+08:00,3.12,3.08,3.13,3.06,8144758.0
2023-02-01T00:00:00+08:00,3.15,3.14,3.16,3.11,6821237.0
2023-02-02T00:00:00+08:00,3.15,3.17,3.17,3.13,7710537.0
2023-02-03T00:00:00+08:00,3.12,3.13,3.15,3.09,6377346.0
2023-02-06T00:00:00+08:00,3.11,3.11,3.13,3.09,4625787.0
2023-02-07T00:00:00+08:00,3.14,3.12,3.14,3.09,4151199.0
2023-02-08T00:00:00+08:00,3.12,3.16,3.16,3.1,4426700.0
2023-02-09T00:00:00+08:00,3.13,3.12,3.14,3.1,4892500.0
2023-02-10T00:00:00+08:00,3.13,3.16,3.16,3.1,5089710.0
2023-02-13T00:00:00+08:00,3.13,3.15,3.15,3.11,6300697.0
2023-02-14T00:00:00+08:00,3.17,3.15,3.19,3.13,10133689.0
2023-02-15T00:00:00+08:00,3.14,3.18,3.18,3.13,6163817.0
2023-02-16T00:00:00+08:00,3.09,3.14,3.16,3.07,9112508.0
2023-02-17T00:00:00+08:00,3.09,3.1,3.12,3.09,5074433.0
2023-02-20T00:00:00+08:00,3.19,3.11,3.19,3.1,12681090.0
2023-02-21T00:00:00+08:00,3.26,3.19,3.27,3.18,11892570.0
2023-02-22T00:00:00+08:00,3.3,3.26,3.3,3.22,12183774.0
2023-02-23T00:00:00+08:00,3.31,3.3,3.33,3.27,11546043.0
2023-02-24T00:00:00+08:00,3.35,3.34,3.36,3.31,9761533.0
2023-02-27T00:00:00+08:00,3.58,3.37,3.69,3.37,86339256.0
2023-02-28T00:00:00+08:00,3.63,3.5,3.71,3.47,68166715.0
2023-03-01T00:00:00+08:00,3.72,3.66,3.77,3.61,43987333.0
2023-03-02T00:00:00+08:00,3.71,3.72,3.76,3.63,33906096.0
2023-03-03T00:00:00+08:00,3.7,3.7,3.72,3.65,25798740.0
2023-03-06T00:00:00+08:00,3.69,3.68,3.73,3.67,24835372.0
2023-03-07T00:00:00+08:00,3.69,3.69,3.74,3.67,17003755.0
2023-03-08T00:00:00+08:00,3.8,3.69,3.9,3.65,45119818.0
2023-03-09T00:00:00+08:00,4.02,3.85,4.05,3.83,45124307.0
2023-03-10T00:00:00+08:00,4.03,4.01,4.19,4.0,38643961.0
2023-03-13T00:00:00+08:00,4.08,3.99,4.18,3.99,35181284.0
2023-03-14T00:00:00+08:00,4.14,4.08,4.19,4.01,31463643.0
2023-03-15T00:00:00+08:00,4.25,4.15,4.32,4.08,29978186.0
2023-03-16T00:00:00+08:00,4.19,4.21,4.25,4.15,24704036.0
2023-03-17T00:00:00+08:00,4.16,4.19,4.23,4.12,23196794.0
2023-03-20T00:00:00+08:00,4.17,4.16,4.2,4.11,18988992.0
2023-03-21T00:00:00+08:00,4.07,4.44,4.44,3.83,65870137.0
2023-03-22T00:00:00+08:00,3.97,4.07,4.09,3.89,44813601.0
2023-03-23T00:00:00+08:00,3.98,3.99,4.01,3.92,19563196.0
2023-03-24T00:00:00+08:00,3.96,3.99,4.07,3.95,21632626.0
2023-03-27T00:00:00+08:00,4.02,3.96,4.09,3.9,26360227.0
2023-03-28T00:00:00+08:00,4.02,4.02,4.07,3.99,18068480.0
2023-03-29T00:00:00+08:00,3.94,3.99,4.02,3.88,15559005.0
2023-03-30T00:00:00+08:00,3.89,3.98,4.0,3.87,27532553.0
2023-03-31T00:00:00+08:00,3.85,3.91,3.92,3.81,22559355.0
2023-04-03T00:00:00+08:00,3.8,3.85,3.89,3.78,17122008.0
2023-04-04T00:00:00+08:00,3.75,3.8,3.82,3.74,18825054.0
2023-04-06T00:00:00+08:00,3.71,3.76,3.77,3.65,18015597.0
2023-04-07T00:00:00+08:00,3.8,3.71,3.83,3.69,12506637.0
2023-04-10T00:00:00+08:00,3.95,3.8,4.05,3.8,21029494.0
2023-04-11T00:00:00+08:00,3.96,3.97,3.99,3.82,18108404.0
2023-04-12T00:00:00+08:00,4.03,3.93,4.1,3.92,19236385.0
2023-04-13T00:00:00+08:00,4.05,4.01,4.11,4.01,10875031.0
2023-04-14T00:00:00+08:00,4.05,4.08,4.09,4.01,9397399.0
2023-04-17T00:00:00+08:00,4.03,4.06,4.07,3.98,10676005.0
2023-04-18T00:00:00+08:00,4.04,4.06,4.06,3.99,7094872.0
2023-04-19T00:00:00+08:00,4.14,4.05,4.25,4.02,27301874.0
2023-04-20T00:00:00+08:00,4.16,4.14,4.18,4.07,18229056.0
2023-04-21T00:00:00+08:00,4.15,4.18,4.27,4.13,17046099.0
2023-04-24T00:00:00+08:00,4.03,4.17,4.18,4.01,16352396.0
2023-04-25T00:00:00+08:00,3.98,4.04,4.08,3.93,12989493.0
2023-04-26T00:00:00+08:00,3.99,3.98,4.03,3.95,9931893.0
2023-04-27T00:00:00+08:00,3.99,3.99,4.05,3.97,8055189.0
2023-04-28T00:00:00+08:00,4.04,4.02,4.14,4.0,13631777.0
2023-05-04T00:00:00+08:00,4.23,4.08,4.28,4.0,35304222.0
2023-05-05T00:00:00+08:00,4.23,4.24,4.34,4.19,17254536.0
2023-05-08T00:00:00+08:00,4.28,4.25,4.29,4.24,12218488.0
2023-05-09T00:00:00+08:00,4.23,4.3,4.33,4.21,14528897.0
2023-05-10T00:00:00+08:00,4.15,4.25,4.26,4.13,11181961.0
2023-05-11T00:00:00+08:00,4.2,4.16,4.22,4.14,8398884.0
2023-05-12T00:00:00+08:00,4.12,4.17,4.19,4.09,8586291.0
2023-05-15T00:00:00+08:00,4.1,4.12,4.12,4.02,9817331.0
2023-05-16T00:00:00+08:00,4.05,4.1,4.11,4.05,6371610.0
2023-05-17T00:00:00+08:00,4.06,4.05,4.1,4.0,7180438.0
2023-05-18T00:00:00+08:00,4.08,4.04,4.15,4.03,6078072.0
2023-05-19T00:00:00+08:00,4.08,4.09,4.09,4.0,8411337.0
2023-05-22T00:00:00+08:00,4.08,4.09,4.14,4.04,8034852.0
2023-05-23T00:00:00+08:00,4.01,4.09,4.11,4.01,7272038.0
2023-05-24T00:00:00+08:00,3.96,4.02,4.03,3.93,10732652.0
2023-05-25T00:00:00+08:00,3.94,3.99,3.99,3.9,9631944.0
2023-05-26T00:00:00+08:00,4.02,3.96,4.03,3.91,7531127.0
2023-05-29T00:00:00+08:00,4.05,4.03,4.1,4.01,7764548.0
2023-05-30T00:00:00+08:00,4.06,4.08,4.08,4.0,7911799.0
2023-05-31T00:00:00+08:00,4.02,4.06,4.08,4.0,8326375.0
2023-06-01T00:00:00+08:00,4.03,4.05,4.07,4.0,6849684.0
2023-06-02T00:00:00+08:00,4.01,4.05,4.06,3.98,10813502.0
2023-06-05T00:00:00+08:00,4.0,4.03,4.03,3.93,10536701.0
2023-06-06T00:00:00+08:00,3.92,4.0,4.02,3.91,9201569.0
2023-06-07T00:00:00+08:00,3.94,3.91,4.01,3.91,8573468.0
2023-06-08T00:00:00+08:00,3.94,3.92,3.97,3.91,5743620.0
2023-06-09T00:00:00+08:00,3.95,3.94,3.97,3.91,6961613.0
2023-06-12T00:00:00+08:00,3.97,3.97,4.06,3.92,9848376.0
2023-06-13T00:00:00+08:00,4.17,3.99,4.32,3.96,36115704.0
2023-06-14T00:00:00+08:00,4.3,4.16,4.38,4.15,39819503.0
2023-06-15T00:00:00+08:00,4.1,4.32,4.34,4.08,21993106.0
2023-06-16T00:00:00+08:00,4.1,4.12,4.18,4.09,14093065.0
2023-06-19T00:00:00+08:00,4.02,4.1,4.12,4.01,11200010.0
2023-06-20T00:00:00+08:00,3.93,4.0,4.02,3.85,20976282.0
2023-06-21T00:00:00+08:00,3.95,3.96,4.23,3.9,32175579.0
2023-06-26T00:00:00+08:00,3.82,3.94,3.99,3.79,23327444.0
2023-06-27T00:00:00+08:00,4.02,3.86,4.06,3.83,20448508.0
2023-06-28T00:00:00+08:00,4.06,4.03,4.07,3.99,11782863.0
2023-06-29T00:00:00+08:00,3.96,4.02,4.05,3.95,8374767.0
2023-06-30T00:00:00+08:00,4.0,3.95,4.03,3.95,5384469.0
2023-07-03T00:00:00+08:00,4.05,4.0,4.07,3.97,9333985.0
2023-07-04T00:00:00+08:00,3.99,4.03,4.05,3.97,11014979.0
2023-07-05T00:00:00+08:00,3.99,4.0,4.01,3.96,7951900.0
2023-07-06T00:00:00+08:00,3.94,3.98,4.0,3.93,9370235.0
2023-07-07T00:00:00+08:00,4.02,3.94,4.03,3.91,10845493.0
2023-07-10T00:00:00+08:00,4.05,4.02,4.07,4.0,8693100.0
2023-07-11T00:00:00+08:00,4.04,4.06,4.06,4.0,7349110.0
2023-07-12T00:00:00+08:00,3.97,4.05,4.08,3.96,13819539.0
2023-07-13T00:00:00+08:00,3.97,3.97,4.01,3.94,12447100.0
2023-07-14T00:00:00+08:00,3.97,3.96,4.0,3.94,10857984.0
2023-07-17T00:00:00+08:00,3.94,3.95,3.96,3.88,9484177.0
2023-07-18T00:00:00+08:00,3.92,3.94,3.94,3.89,9500888.0
2023-07-19T00:00:00+08:00,3.92,3.91,3.94,3.89,6582040.0
2023-07-20T00:00:00+08:00,3.99,3.93,4.11,3.91,19481057.0
2023-07-21T00:00:00+08:00,4.04,3.99,4.04,3.94,7693951.0
2023-07-24T00:00:00+08:00,3.96,4.06,4.06,3.94,9879087.0
2023-07-25T00:00:00+08:00,4.04,3.98,4.04,3.97,12669273.0
2023-07-26T00:00:00+08:00,4.1,4.08,4.11,4.03,12252300.0
2023-07-27T00:00:00+08:00,4.15,4.06,4.19,4.04,25093065.0
2023-07-28T00:00:00+08:00,4.19,4.16,4.2,4.12,16661200.0
2023-07-31T00:00:00+08:00,4.25,4.2,4.26,4.16,13140889.0
2023-08-01T00:00:00+08:00,4.32,4.25,4.36,4.21,18037187.0
2023-08-02T00:00:00+08:00,4.34,4.32,4.36,4.28,14344983.0
2023-08-03T00:00:00+08:00,4.32,4.34,4.35,4.27,10427208.0
2023-08-04T00:00:00+08:00,4.26,4.33,4.36,4.24,20004555.0
2023-08-07T00:00:00+08:00,4.22,4.26,4.28,4.19,13162065.0
2023-08-08T00:00:00+08:00,4.15,4.22,4.24,4.13,8158584.0
2023-08-09T00:00:00+08:00,4.1,4.15,4.17,4.08,7869189.0
2023-08-10T00:00:00+08:00,4.09,4.12,4.15,4.05,9827198.0
2023-08-11T00:00:00+08:00,3.99,4.11,4.11,3.99,12300822.0
2023-08-14T00:00:00+08:00,4.0,3.99,4.01,3.9,11128418.0
2023-08-15T00:00:00+08:00,4.07,3.98,4.13,3.97,12903621.0
2023-08-16T00:00:00+08:00,4.03,4.07,4.09,4.0,6787932.0
2023-08-17T00:00:00+08:00,4.02,4.0,4.04,3.97,7504528.0
2023-08-18T00:00:00+08:00,3.99,3.99,4.06,3.99,7175529.0
2023-08-21T00:00:00+08:00,3.95,3.99,4.03,3.94,8276000.0
2023-08-22T00:00:00+08:00,3.99,3.96,4.0,3.93,9781453.0
2023-08-23T00:00:00+08:00,3.98,3.98,4.07,3.96,11169283.0
2023-08-24T00:00:00+08:00,3.87,3.98,4.03,3.87,11746557.0
2023-08-25T00:00:00+08:00,3.89,3.88,3.96,3.85,9932704.0
2023-08-28T00:00:00+08:00,3.99,4.01,4.08,3.97,16585200.0
2023-08-29T00:00:00+08:00,3.88,3.98,4.02,3.86,19607277.0
2023-08-30T00:00:00+08:00,3.81,3.88,3.9,3.79,15899591.0
2023-08-31T00:00:00+08:00,3.71,3.79,3.83,3.7,11784731.0
2023-09-01T00:00:00+08:00,3.72,3.7,3.77,3.67,12926606.0
2023-09-04T00:00:00+08:00,3.92,3.72,3.96,3.71,28182925.0
2023-09-05T00:00:00+08:00,3.83,3.93,3.95,3.8,15520544.0
2023-09-06T00:00:00+08:00,3.75,3.85,3.85,3.72,12317339.0
2023-09-07T00:00:00+08:00,3.7,3.77,3.78,3.68,12725972.0
2023-09-08T00:00:00+08:00,3.64,3.7,3.72,3.63,11003500.0
2023-09-11T00:00:00+08:00,3.66,3.64,3.69,3.6,11138030.0
2023-09-12T00:00:00+08:00,3.66,3.65,3.69,3.64,7660819.0
2023-09-13T00:00:00+08:00,3.69,3.65,3.72,3.65,10260500.0
2023-09-14T00:00:00+08:00,3.75,3.69,3.78,3.67,16782699.0
2023-09-15T00:00:00+08:00,3.83,3.75,3.84,3.73,15803626.0
2023-09-18T00:00:00+08:00,3.88,3.83,3.88,3.79,14638540.0
2023-09-19T00:00:00+08:00,3.98,3.84,4.02,3.84,25663321.0
2023-09-20T00:00:00+08:00,3.97,4.01,4.02,3.94,13335500.0
2023-09-21T00:00:00+08:00,3.92,3.97,3.98,3.9,11823257.0
2023-09-22T00:00:00+08:00,3.86,4.02,4.02,3.85,12981602.0
2023-09-25T00:00:00+08:00,3.93,3.86,4.05,3.83,26090800.0
2023-09-26T00:00:00+08:00,3.96,3.98,4.0,3.87,14565931.0
2023-09-27T00:00:00+08:00,3.88,3.94,4.01,3.87,10966681.0
2023-09-28T00:00:00+08:00,3.86,3.87,3.9,3.84,9666429.0
2023-10-09T00:00:00+08:00,3.82,3.86,3.86,3.79,11619800.0
2023-10-10T00:00:00+08:00,3.83,3.82,3.85,3.76,15397200.0
2023-10-11T00:00:00+08:00,3.74,3.84,3.84,3.72,10121400.0
2023-10-12T00:00:00+08:00,3.84,3.74,3.85,3.71,13648987.0
2023-10-13T00:00:00+08:00,3.95,3.84,3.99,3.78,16141815.0
2023-10-16T00:00:00+08:00,3.9,3.97,3.99,3.88,11527670.0
2023-10-17T00:00:00+08:00,3.9,3.93,3.97,3.89,8368600.0
2023-10-18T00:00:00+08:00,3.82,3.85,3.91,3.82,8152800.0
2023-10-19T00:00:00+08:00,3.75,3.8,3.84,3.74,8997040.0
2023-10-20T00:00:00+08:00,3.75,3.73,3.85,3.72,7533545.0
2023-10-23T00:00:00+08:00,3.66,3.75,3.77,3.64,9255040.0
2023-10-24T00:00:00+08:00,3.66,3.7,3.71,3.64,8870800.0
2023-10-25T00:00:00+08:00,3.78,3.67,3.82,3.67,11681610.0
2023-10-26T00:00:00+08:00,3.73,3.76,3.84,3.69,9775199.0
2023-10-27T00:00:00+08:00,3.84,3.75,3.89,3.73,14882351.0
2023-10-30T00:00:00+08:00,3.9,3.86,3.92,3.84,7126238.0
2023-10-31T00:00:00+08:00,3.88,3.88,3.94,3.86,9488738.0
2023-11-01T00:00:00+08:00,3.86,3.92,3.92,3.83,6992000.0
2023-11-02T00:00:00+08:00,3.84,3.87,3.89,3.83,7184000.0
2023-11-03T00:00:00+08:00,3.83,3.86,3.9,3.83,7191700.0
2023-11-06T00:00:00+08:00,3.78,3.85,3.85,3.76,9638538.0
2023-11-07T00:00:00+08:00,3.81,3.79,3.84,3.76,7279471.0
2023-11-08T00:00:00+08:00,3.76,3.83,3.83,3.73,9224900.0
2023-11-09T00:00:00+08:00,3.76,3.78,3.79,3.74,5945740.0
2023-11-10T00:00:00+08:00,3.79,3.79,3.8,3.75,6014805.0
2023-11-13T00:00:00+08:00,3.98,3.8,3.98,3.79,21163160.0
2023-11-14T00:00:00+08:00,3.82,3.97,4.0,3.73,32105218.0
2023-11-15T00:00:00+08:00,3.87,3.82,3.88,3.76,15851060.0
2023-11-16T00:00:00+08:00,3.88,3.87,3.91,3.84,10740371.0
2023-11-17T00:00:00+08:00,3.86,3.85,3.88,3.83,6128301.0
2023-11-20T00:00:00+08:00,3.9,3.87,3.94,3.86,7809842.0
2023-11-21T00:00:00+08:00,3.86,3.9,3.93,3.86,7541500.0
2023-11-22T00:00:00+08:00,3.86,3.86,3.92,3.85,6465300.0
2023-11-23T00:00:00+08:00,3.93,3.86,3.94,3.84,6670300.0
2023-11-24T00:00:00+08:00,3.93,3.92,3.94,3.89,5131100.0
2023-11-27T00:00:00+08:00,3.93,3.93,3.96,3.91,6034698.0
2023-11-28T00:00:00+08:00,3.94,3.95,3.95,3.88,7748119.0
2023-11-29T00:00:00+08:00,3.92,3.94,3.96,3.91,4880500.0
2023-11-30T00:00:00+08:00,3.9,3.92,3.94,3.88,6848666.0
2023-12-01T00:00:00+08:00,3.93,3.92,3.94,3.89,4967197.0
2023-12-04T00:00:00+08:00,3.97,3.93,3.99,3.91,7826580.0
2023-12-05T00:00:00+08:00,3.92,3.96,3.97,3.92,6334200.0
2023-12-06T00:00:00+08:00,3.91,3.92,3.93,3.88,6643759.0
2023-12-07T00:00:00+08:00,3.92,3.92,3.94,3.89,4863421.0
2023-12-08T00:00:00+08:00,3.93,3.94,3.97,3.89,6321339.0
2023-12-11T00:00:00+08:00,3.96,3.93,3.98,3.85,9581968.0
2023-12-12T00:00:00+08:00,3.97,3.96,3.98,3.92,7392873.0
2023-12-13T00:00:00+08:00,3.93,3.96,3.99,3.93,4956598.0
2023-12-14T00:00:00+08:00,3.92,3.94,3.97,3.91,5298701.0
2023-12-15T00:00:00+08:00,3.88,3.92,3.94,3.87,5247098.0
2023-12-18T00:00:00+08:00,3.83,3.89,3.89,3.83,6584200.0
2023-12-19T00:00:00+08:00,3.83,3.84,3.84,3.8,5697302.0
2023-12-20T00:00:00+08:00,3.83,3.86,3.89,3.83,6251500.0
2023-12-21T00:00:00+08:00,3.83,3.83,3.84,3.78,5315664.0
2023-12-22T00:00:00+08:00,3.79,3.84,3.84,3.77,8983804.0
2023-12-25T00:00:00+08:00,3.76,3.77,3.78,3.74,5265400.0
2023-12-26T00:00:00+08:00,3.69,3.72,3.78,3.69,6563000.0
2023-12-27T00:00:00+08:00,3.69,3.72,3.73,3.66,8056508.0
2023-12-28T00:00:00+08:00,3.6,3.71,3.71,3.58,19040453.0
2023-12-29T00:00:00+08:00,3.57,3.6,3.6,3.54,11964565.0
2024-01-02T00:00:00+08:00,3.62,3.57,3.66,3.55,14126306.0
2024-01-03T00:00:00+08:00,3.72,3.63,3.73,3.62,13054001.0
2024-01-04T00:00:00+08:00,3.73,3.7,3.75,3.67,7636500.0
2024-01-05T00:00:00+08:00,3.69,3.73,3.76,3.68,9515200.0
2024-01-08T00:00:00+08:00,3.6,3.68,3.69,3.58,10818601.0
2024-01-09T00:00:00+08:00,3.59,3.6,3.61,3.55,7814594.0
2024-01-10T00:00:00+08:00,3.58,3.59,3.61,3.55,6920298.0
2024-01-11T00:00:00+08:00,3.56,3.58,3.6,3.55,8729004.0
2024-01-12T00:00:00+08:00,3.53,3.55,3.58,3.52,7558900.0
2024-01-15T00:00:00+08:00,3.43,3.53,3.55,3.4,16740971.0
2024-01-16T00:00:00+08:00,3.41,3.42,3.42,3.35,10976900.0
2024-01-17T00:00:00+08:00,3.33,3.39,3.43,3.33,7568305.0
2024-01-18T00:00:00+08:00,3.26,3.33,3.35,3.17,16261339.0
2024-01-19T00:00:00+08:00,3.27,3.28,3.32,3.21,9324399.0
2024-01-22T00:00:00+08:00,3.11,3.28,3.28,3.08,14676070.0
2024-01-23T00:00:00+08:00,3.13,3.1,3.16,3.04,13090900.0
2024-01-24T00:00:00+08:00,3.25,3.14,3.26,3.09,15219100.0
2024-01-25T00:00:00+08:00,3.4,3.26,3.41,3.26,18429150.0
2024-01-26T00:00:00+08:00,3.43,3.39,3.45,3.35,12502902.0
2024-01-29T00:00:00+08:00,3.4,3.46,3.48,3.38,16065700.0
2024-01-30T00:00:00+08:00,3.31,3.37,3.42,3.29,13100100.0
2024-01-31T00:00:00+08:00,3.21,3.28,3.37,3.21,14907700.0
2024-02-01T00:00:00+08:00,3.2,3.2,3.27,3.12,17744000.0
2024-02-02T00:00:00+08:00,3.09,3.17,3.27,3.0,18976533.0
2024-02-05T00:00:00+08:00,2.89,3.11,3.12,2.84,28587408.0
2024-02-06T00:00:00+08:00,3.03,2.87,3.09,2.76,29905062.0
2024-02-07T00:00:00+08:00,3.18,3.05,3.23,3.01,31638208.0
2024-02-08T00:00:00+08:00,3.26,3.18,3.31,3.12,28284603.0
2024-02-19T00:00:00+08:00,3.34,3.29,3.51,3.28,27272136.0
2024-02-20T00:00:00+08:00,3.32,3.35,3.36,3.26,11045806.0
2024-02-21T00:00:00+08:00,3.41,3.28,3.49,3.26,15748088.0
2024-02-22T00:00:00+08:00,3.39,3.43,3.46,3.35,8801100.0
2024-02-23T00:00:00+08:00,3.44,3.44,3.44,3.36,10713308.0
2024-02-26T00:00:00+08:00,3.41,3.44,3.46,3.38,11352443.0
2024-02-27T00:00:00+08:00,3.4,3.39,3.43,3.35,11348100.0
2024-02-28T00:00:00+08:00,3.36,3.4,3.49,3.35,14462339.0
2024-02-29T00:00:00+08:00,3.44,3.35,3.44,3.34,13172244.0
2024-03-01T00:00:00+08:00,3.4,3.43,3.47,3.38,10387700.0
2024-03-04T00:00:00+08:00,3.34,3.4,3.42,3.3,11335600.0
2024-03-05T00:00:00+08:00,3.34,3.35,3.37,3.31,9174200.0
2024-03-06T00:00:00+08:00,3.35,3.31,3.38,3.3,7723902.0
2024-03-07T00:00:00+08:00,3.41,3.36,3.48,3.35,12071931.0
2024-03-08T00:00:00+08:00,3.39,3.42,3.43,3.34,9567898.0
2024-03-11T00:00:00+08:00,3.4,3.39,3.42,3.33,9651110.0
2024-03-12T00:00:00+08:00,3.35,3.41,3.41,3.32,12362306.0
2024-03-13T00:00:00+08:00,3.32,3.34,3.37,3.3,8695923.0
2024-03-14T00:00:00+08:00,3.33,3.34,3.39,3.31,11046191.0
2024-03-15T00:00:00+08:00,3.66,3.35,3.66,3.31,28308679.0
2024-03-18T00:00:00+08:00,3.63,3.7,3.72,3.52,42015884.0
2024-03-19T00:00:00+08:00,3.5,3.58,3.6,3.49,38039431.0
2024-03-20T00:00:00+08:00,3.5,3.49,3.54,3.46,23456105.0
2024-03-21T00:00:00+08:00,3.46,3.48,3.51,3.45,18324700.0
2024-03-22T00:00:00+08:00,3.39,3.45,3.47,3.35,16870901.0
2024-03-25T00:00:00+08:00,3.37,3.38,3.46,3.36,14374354.0
2024-03-26T00:00:00+08:00,3.35,3.38,3.4,3.3,13791470.0
2024-03-27T00:00:00+08:00,3.27,3.35,3.38,3.26,10695000.0
2024-03-28T00:00:00+08:00,3.3,3.28,3.32,3.23,11053273.0
2024-03-29T00:00:00+08:00,3.36,3.29,3.37,3.27,9780600.0
2024-04-01T00:00:00+08:00,3.41,3.36,3.45,3.36,12208520.0
2024-04-02T00:00:00+08:00,3.57,3.44,3.62,3.42,25047145.0
2024-04-03T00:00:00+08:00,3.58,3.57,3.6,3.53,14836423.0
2024-04-08T00:00:00+08:00,3.56,3.59,3.64,3.54,14408040.0
2024-04-09T00:00:00+08:00,3.58,3.55,3.59,3.53,9045582.0
2024-04-10T00:00:00+08:00,3.57,3.6,3.62,3.54,9241755.0
2024-04-11T00:00:00+08:00,3.59,3.56,3.64,3.51,11773037.0
2024-04-12T00:00:00+08:00,3.55,3.56,3.61,3.54,9997261.0
2024-04-15T00:00:00+08:00,3.51,3.54,3.56,3.38,16014277.0
2024-04-16T00:00:00+08:00,3.33,3.5,3.54,3.33,19436300.0
2024-04-17T00:00:00+08:00,3.47,3.36,3.47,3.35,17232847.0
2024-04-18T00:00:00+08:00,3.43,3.44,3.52,3.41,10412500.0
2024-04-19T00:00:00+08:00,3.46,3.41,3.54,3.4,10573553.0
2024-04-22T00:00:00+08:00,3.32,3.43,3.5,3.31,17769016.0
2024-04-23T00:00:00+08:00,3.17,3.32,3.32,3.15,17133706.0
2024-04-24T00:00:00+08:00,3.22,3.16,3.23,3.1,11511384.0
2024-04-25T00:00:00+08:00,3.25,3.27,3.28,3.18,8032998.0
2024-04-26T00:00:00+08:00,3.26,3.28,3.28,3.2,11358273.0
2024-04-29T00:00:00+08:00,3.26,3.24,3.27,3.14,14838024.0
2024-04-30T00:00:00+08:00,3.21,3.26,3.29,3.2,11245952.0
2024-05-06T00:00:00+08:00,3.29,3.24,3.34,3.23,18452637.0
2024-05-07T00:00:00+08:00,3.16,3.26,3.27,3.12,19903575.0
2024-05-08T00:00:00+08:00,3.17,3.15,3.21,3.12,13552946.0
2024-05-09T00:00:00+08:00,3.19,3.14,3.23,3.14,10255500.0
2024-05-10T00:00:00+08:00,3.18,3.17,3.2,3.14,8042907.0
2024-05-13T00:00:00+08:00,3.14,3.17,3.19,3.1,9434000.0
2024-05-14T00:00:00+08:00,3.13,3.14,3.18,3.11,10617100.0
2024-05-15T00:00:00+08:00,3.12,3.13,3.15,3.11,5554010.0
2024-05-16T00:00:00+08:00,3.18,3.13,3.26,3.12,16782690.0
2024-05-17T00:00:00+08:00,3.19,3.16,3.2,3.11,16224000.0
2024-05-20T00:00:00+08:00,3.19,3.19,3.23,3.17,11860800.0
2024-05-21T00:00:00+08:00,3.14,3.2,3.2,3.12,9686674.0
2024-05-22T00:00:00+08:00,3.19,3.15,3.22,3.15,8023100.0
2024-05-23T00:00:00+08:00,3.07,3.17,3.17,3.07,13784884.0
2024-05-24T00:00:00+08:00,3.06,3.06,3.11,3.04,8886581.0
2024-05-27T00:00:00+08:00,3.06,3.06,3.08,3.02,6289898.0
2024-05-28T00:00:00+08:00,3.02,3.03,3.08,3.02,6880898.0
2024-05-29T00:00:00+08:00,3.04,3.02,3.06,3.0,6186598.0
2024-05-30T00:00:00+08:00,3.02,3.04,3.08,3.01,6489062.0
2024-05-31T00:00:00+08:00,3.0,3.01,3.04,2.99,6066240.0
2024-06-03T00:00:00+08:00,2.88,2.99,3.0,2.85,16547601.0
2024-06-04T00:00:00+08:00,2.84,2.9,2.9,2.8,14325863.0
2024-06-05T00:00:00+08:00,2.78,2.85,2.85,2.78,8834904.0
2024-06-06T00:00:00+08:00,2.69,2.82,2.82,2.68,12334362.0
2024-06-07T00:00:00+08:00,2.82,2.71,2.83,2.69,13761250.0
2024-06-11T00:00:00+08:00,2.73,2.82,2.82,2.7,8573761.0
2024-06-12T00:00:00+08:00,2.74,2.73,2.78,2.72,7006197.0
2024-06-13T00:00:00+08:00,2.68,2.73,2.76,2.66,8142888.0
2024-06-14T00:00:00+08:00,2.72,2.69,2.73,2.66,6764818.0
2024-06-17T00:00:00+08:00,2.66,2.7,2.72,2.65,8185297.0
2024-06-18T00:00:00+08:00,2.67,2.65,2.7,2.64,6312000.0
2024-06-19T00:00:00+08:00,2.63,2.67,2.69,2.62,5993500.0
2024-06-20T00:00:00+08:00,2.56,2.63,2.63,2.53,8384497.0
2024-06-21T00:00:00+08:00,2.58,2.57,2.61,2.54,7838915.0
2024-06-24T00:00:00+08:00,2.52,2.58,2.58,2.5,8695114.0
2024-06-25T00:00:00+08:00,2.54,2.5,2.57,2.48,7526185.0
2024-06-26T00:00:00+08:00,2.61,2.52,2.63,2.51,8997499.0
2024-06-27T00:00:00+08:00,2.55,2.61,2.64,2.54,7298100.0
2024-06-28T00:00:00+08:00,2.51,2.56,2.58,2.5,7027816.0
2024-07-01T00:00:00+08:00,2.6,2.52,2.61,2.5,7253420.0
2024-07-02T00:00:00+08:00,2.69,2.6,2.7,2.58,8359900.0
2024-07-03T00:00:00+08:00,2.69,2.68,2.75,2.68,5699400.0
2024-07-04T00:00:00+08:00,2.59,2.71,2.72,2.58,6823300.0
2024-07-05T00:00:00+08:00,2.62,2.59,2.65,2.56,7731423.0
2024-07-08T00:00:00+08:00,2.53,2.62,2.63,2.52,6413700.0
2024-07-09T00:00:00+08:00,2.54,2.52,2.56,2.46,7479695.0
2024-07-10T00:00:00+08:00,2.52,2.52,2.55,2.46,9285164.0
2024-07-11T00:00:00+08:00,2.62,2.52,2.63,2.52,8318366.0
2024-07-12T00:00:00+08:00,2.62,2.64,2.65,2.6,5595400.0
2024-07-15T00:00:00+08:00,2.57,2.62,2.62,2.55,5986462.0
2024-07-16T00:00:00+08:00,2.56,2.56,2.58,2.54,5125177.0
2024-07-17T00:00:00+08:00,2.54,2.57,2.57,2.52,5386700.0
2024-07-18T00:00:00+08:00,2.53,2.53,2.55,2.49,4870840.0
2024-07-19T00:00:00+08:00,2.5,2.52,2.52,2.46,7319500.0
2024-07-22T00:00:00+08:00,2.48,2.5,2.51,2.45,6008400.0
2024-07-23T00:00:00+08:00,2.45,2.47,2.53,2.45,6682800.0
2024-07-24T00:00:00+08:00,2.45,2.45,2.47,2.4,7051949.0
2024-07-25T00:00:00+08:00,2.46,2.46,2.48,2.43,5567049.0
2024-07-26T00:00:00+08:00,2.56,2.47,2.57,2.46,8916759.0
2024-07-29T00:00:00+08:00,2.67,2.56,2.69,2.53,12656218.0
2024-07-30T00:00:00+08:00,2.59,2.72,2.73,2.57,11987401.0
2024-07-31T00:00:00+08:00,2.66,2.59,2.68,2.58,8202600.0
2024-08-01T00:00:00+08:00,2.66,2.7,2.73,2.65,6585612.0
2024-08-02T00:00:00+08:00,2.63,2.65,2.68,2.63,4860400.0
2024-08-05T00:00:00+08:00,2.61,2.65,2.68,2.6,5461000.0
2024-08-06T00:00:00+08:00,2.65,2.62,2.66,2.59,5691233.0
2024-08-07T00:00:00+08:00,2.62,2.64,2.67,2.61,4154695.0
2024-08-08T00:00:00+08:00,2.66,2.61,2.68,2.61,5274939.0
2024-08-09T00:00:00+08:00,2.64,2.67,2.72,2.64,5409983.0
2024-08-12T00:00:00+08:00,2.59,2.64,2.66,2.58,5169372.0
2024-08-13T00:00:00+08:00,2.65,2.6,2.66,2.57,5169372.0
2024-08-14T00:00:00+08:00,2.58,2.66,2.68,2.58,5414827.0
2024-08-15T00:00:00+08:00,2.6,2.6,2.65,2.56,5414827.0
2024-08-16T00:00:00+08:00,2.56,2.62,2.62,2.55,5395600.0
2024-08-19T00:00:00+08:00,2.54,2.55,2.62,2.53,8971605.0
2024-08-20T00:00:00+08:00,2.5,2.54,2.56,2.48,6962200.0
2024-08-21T00:00:00+08:00,2.47,2.5,2.5,2.45,4990100.0
2024-08-22T00:00:00+08:00,2.44,2.51,2.51,2.43,7218400.0
2024-08-23T00:00:00+08:00,2.44,2.39,2.47,2.39,7218400.0
2024-08-26T00:00:00+08:00,2.44,2.45,2.5,2.42,6861698.0
2024-08-27T00:00:00+08:00,2.43,2.45,2.46,2.39,9193000.0
2024-08-28T00:00:00+08:00,2.37,2.42,2.43,2.36,9193000.0
2024-08-29T00:00:00+08:00,2.39,2.37,2.42,2.34,8083200.0
2024-08-30T00:00:00+08:00,2.4,2.42,2.45,2.37,7956200.0
2024-09-02T00:00:00+08:00,2.33,2.41,2.42,2.33,10334000.0
2024-09-03T00:00:00+08:00,2.32,2.32,2.35,2.3,7133200.0
2024-09-04T00:00:00+08:00,2.28,2.31,2.33,2.27,7133200.0
2024-09-05T00:00:00+08:00,2.28,2.27,2.31,2.27,6784300.0
2024-09-06T00:00:00+08:00,2.26,2.29,2.31,2.25,6784300.0
2024-09-09T00:00:00+08:00,2.25,2.23,2.27,2.21,8265111.0
2024-09-10T00:00:00+08:00,2.23,2.25,2.28,2.18,8265111.0
2024-09-11T00:00:00+08:00,2.21,2.23,2.24,2.19,9557834.0
2024-09-12T00:00:00+08:00,2.29,2.21,2.31,2.2,9557834.0
2024-09-13T00:00:00+08:00,2.52,2.32,2.52,2.29,20503047.0
2024-09-18T00:00:00+08:00,2.43,2.52,2.55,2.37,35483037.0
2024-09-19T00:00:00+08:00,2.46,2.43,2.47,2.37,24182763.0
2024-09-20T00:00:00+08:00,2.4,2.46,2.48,2.38,15421181.0
2024-09-23T00:00:00+08:00,2.44,2.4,2.5,2.37,15918100.0
2024-09-24T00:00:00+08:00,2.68,2.44,2.68,2.43,20144997.0
2024-09-25T00:00:00+08:00,2.87,2.95,2.95,2.75,55636431.0
2024-09-26T00:00:00+08:00,3.16,2.92,3.16,2.84,41740860.0
2024-09-27T00:00:00+08:00,3.29,3.3,3.4,3.12,73372114.0
2024-09-30T00:00:00+08:00,3.56,3.4,3.6,3.26,68622389.0
2024-10-08T00:00:00+08:00,3.53,3.88,3.88,3.44,63688860.0
2024-10-09T00:00:00+08:00,3.25,3.41,3.42,3.18,42664216.0
2024-10-10T00:00:00+08:00,3.23,3.22,3.34,3.12,25558298.0
2024-10-11T00:00:00+08:00,3.19,3.24,3.35,3.16,20845433.0
2024-10-14T00:00:00+08:00,3.37,3.2,3.43,3.2,26030819.0
2024-10-15T00:00:00+08:00,3.28,3.34,3.35,3.26,14332884.0
2024-10-16T00:00:00+08:00,3.36,3.2,3.42,3.2,19976505.0
2024-10-17T00:00:00+08:00,3.28,3.4,3.4,3.27,12292405.0
2024-10-18T00:00:00+08:00,3.33,3.25,3.36,3.22,17321132.0
2024-10-21T00:00:00+08:00,3.25,3.29,3.33,3.23,20388849.0
2024-10-22T00:00:00+08:00,3.36,3.25,3.36,3.22,16542345.0
2024-10-23T00:00:00+08:00,3.56,3.39,3.63,3.37,31629450.0
2024-10-24T00:00:00+08:00,3.49,3.58,3.58,3.46,16394459.0
2024-10-25T00:00:00+08:00,3.54,3.47,3.62,3.45,15481499.0
2024-10-28T00:00:00+08:00,3.89,3.63,3.89,3.62,29970684.0
2024-10-29T00:00:00+08:00,3.65,3.95,3.98,3.63,52068060.0
2024-10-30T00:00:00+08:00,3.69,3.56,3.75,3.51,26927288.0
2024-10-31T00:00:00+08:00,3.71,3.67,3.77,3.62,19975948.0
2024-11-01T00:00:00+08:00,3.66,3.73,3.76,3.63,18877767.0
2024-11-04T00:00:00+08:00,3.61,3.66,3.68,3.5,18773300.0
2024-11-05T00:00:00+08:00,3.69,3.59,3.7,3.59,15751984.0
2024-11-06T00:00:00+08:00,3.64,3.69,3.7,3.55,17488000.0
2024-11-07T00:00:00+08:00,3.76,3.63,3.82,3.61,19093700.0
2024-11-08T00:00:00+08:00,3.66,3.79,3.82,3.64,21400053.0
2024-11-11T00:00:00+08:00,3.59,3.64,3.69,3.54,19248070.0
2024-11-12T00:00:00+08:00,3.52,3.59,3.63,3.5,15927176.0
2024-11-13T00:00:00+08:00,3.48,3.51,3.58,3.44,12893088.0
2024-11-14T00:00:00+08:00,3.4,3.48,3.5,3.4,12918270.0
2024-11-15T00:00:00+08:00,3.36,3.39,3.45,3.36,14396500.0
2024-11-18T00:00:00+08:00,3.38,3.4,3.53,3.36,21273598.0
2024-11-19T00:00:00+08:00,3.47,3.36,3.47,3.3,19702574.0
2024-11-20T00:00:00+08:00,3.55,3.44,3.55,3.41,13574538.0
2024-11-21T00:00:00+08:00,3.48,3.55,3.56,3.44,10498352.0
2024-11-22T00:00:00+08:00,3.35,3.48,3.53,3.34,9891400.0
2024-11-25T00:00:00+08:00,3.4,3.34,3.42,3.32,9998176.0
2024-11-26T00:00:00+08:00,3.37,3.4,3.43,3.35,7758993.0
2024-11-27T00:00:00+08:00,3.43,3.36,3.43,3.27,12075300.0
2024-11-28T00:00:00+08:00,3.45,3.43,3.49,3.4,8659100.0
2024-11-29T00:00:00+08:00,3.42,3.46,3.49,3.39,9968999.0
2024-12-02T00:00:00+08:00,3.6,3.43,3.66,3.41,23458062.0
2024-12-03T00:00:00+08:00,3.56,3.6,3.6,3.49,14777468.0
2024-12-04T00:00:00+08:00,3.52,3.56,3.6,3.5,11293386.0
2024-12-05T00:00:00+08:00,3.59,3.51,3.59,3.48,11235994.0
2024-12-06T00:00:00+08:00,3.66,3.6,3.69,3.58,18056175.0
2024-12-09T00:00:00+08:00,3.59,3.67,3.73,3.56,13973588.0
2024-12-10T00:00:00+08:00,3.55,3.7,3.72,3.54,20223800.0
2024-12-11T00:00:00+08:00,3.67,3.54,3.72,3.51,19056369.0
2024-12-12T00:00:00+08:00,3.67,3.68,3.71,3.61,14400667.0
2024-12-13T00:00:00+08:00,3.57,3.67,3.69,3.54,15713168.0
2024-12-16T00:00:00+08:00,3.56,3.56,3.6,3.53,10479800.0
2024-12-17T00:00:00+08:00,3.46,3.55,3.56,3.42,15169633.0
2024-12-18T00:00:00+08:00,3.46,3.48,3.54,3.44,9134718.0
2024-12-19T00:00:00+08:00,3.46,3.43,3.51,3.35,13321600.0
2024-12-20T00:00:00+08:00,3.35,3.45,3.48,3.33,13822200.0
2024-12-23T00:00:00+08:00,3.22,3.35,3.38,3.2,13903143.0
2024-12-24T00:00:00+08:00,3.26,3.33,3.33,3.23,16463211.0
2024-12-25T00:00:00+08:00,3.18,3.26,3.27,3.12,14568510.0
2024-12-26T00:00:00+08:00,3.25,3.16,3.27,3.14,14869006.0
2024-12-27T00:00:00+08:00,3.31,3.25,3.42,3.23,17732419.0
2024-12-30T00:00:00+08:00,3.26,3.33,3.39,3.21,14876300.0
2024-12-31T00:00:00+08:00,3.2,3.25,3.32,3.19,8899998.0
2025-01-02T00:00:00+08:00,3.15,3.21,3.27,3.12,12183950.0
2025-01-03T00:00:00+08:00,3.06,3.15,3.16,3.04,11461897.0
2025-01-06T00:00:00+08:00,3.11,3.06,3.15,3.0,11021398.0
2025-01-07T00:00:00+08:00,3.11,3.1,3.13,3.04,8727081.0
2025-01-08T00:00:00+08:00,3.03,3.11,3.11,2.96,11470382.0
2025-01-09T00:00:00+08:00,3.0,3.0,3.03,2.97,7168676.0
2025-01-10T00:00:00+08:00,2.92,3.0,3.03,2.91,8322060.0
2025-01-13T00:00:00+08:00,2.99,2.89,3.0,2.85,10498760.0
2025-01-14T00:00:00+08:00,3.03,2.99,3.04,2.94,12758500.0
2025-01-15T00:00:00+08:00,3.03,3.02,3.04,2.97,9714260.0
2025-01-16T00:00:00+08:00,3.14,3.03,3.21,3.02,16049802.0
2025-01-17T00:00:00+08:00,3.02,3.14,3.16,3.0,15249700.0
2025-01-20T00:00:00+08:00,3.05,3.04,3.13,2.94,16316259.0
2025-01-21T00:00:00+08:00,2.99,3.06,3.08,2.97,12485366.0
2025-01-22T00:00:00+08:00,2.96,2.99,3.0,2.9,11501349.0
2025-01-23T00:00:00+08:00,2.97,2.99,3.06,2.96,19058500.0
2025-01-24T00:00:00+08:00,3.27,3.18,3.27,2.95,43525552.0
2025-01-27T00:00:00+08:00,3.32,3.36,3.6,3.27,63508532.0
2025-02-05T00:00:00+08:00,3.03,3.19,3.24,3.0,41851737.0
2025-02-06T00:00:00+08:00,3.0,3.07,3.09,2.97,31197167.0
2025-02-07T00:00:00+08:00,3.3,3.04,3.3,3.03,32599813.0
2025-02-10T00:00:00+08:00,3.44,3.39,3.46,3.32,48156920.0
2025-02-11T00:00:00+08:00,3.36,3.46,3.48,3.34,22898600.0
2025-02-12T00:00:00+08:00,3.34,3.38,3.39,3.28,22875401.0
2025-02-13T00:00:00+08:00,3.37,3.32,3.43,3.31,23195901.0
2025-02-14T00:00:00+08:00,3.35,3.36,3.4,3.31,17190800.0
2025-02-17T00:00:00+08:00,3.51,3.38,3.58,3.35,30380944.0
2025-02-18T00:00:00+08:00,3.86,3.49,3.86,3.47,46204579.0
2025-02-19T00:00:00+08:00,3.86,3.86,3.96,3.72,67606080.0
2025-02-20T00:00:00+08:00,3.7,3.85,3.92,3.67,37007553.0
2025-02-21T00:00:00+08:00,3.7,3.71,3.75,3.61,24990900.0
2025-02-24T00:00:00+08:00,3.74,3.72,3.82,3.7,22950902.0
2025-02-25T00:00:00+08:00,3.66,3.72,3.78,3.64,22960101.0
2025-02-26T00:00:00+08:00,4.03,3.72,4.03,3.72,41153309.0
2025-02-27T00:00:00+08:00,3.91,4.15,4.18,3.88,52429006.0
2025-02-28T00:00:00+08:00,4.03,3.95,4.14,3.83,53572674.0
2025-03-03T00:00:00+08:00,3.96,4.0,4.19,3.93,36524533.0
2025-03-04T00:00:00+08:00,4.0,3.92,4.04,3.87,36524533.0
2025-03-05T00:00:00+08:00,4.0,3.99,4.01,3.85,28073511.0
2025-03-06T00:00:00+08:00,4.01,4.08,4.12,3.93,31132402.0
2025-03-07T00:00:00+08:00,3.97,4.02,4.12,3.94,27028836.0
2025-03-10T00:00:00+08:00,3.92,3.91,3.97,3.87,22816481.0
2025-03-11T00:00:00+08:00,3.92,3.92,3.93,3.81,24487079.0
2025-03-12T00:00:00+08:00,3.86,3.94,3.96,3.85,15749874.0
2025-03-13T00:00:00+08:00,3.79,3.86,3.89,3.73,23172588.0
2025-03-14T00:00:00+08:00,3.77,3.76,3.78,3.65,24001357.0
2025-03-17T00:00:00+08:00,3.77,3.76,3.82,3.71,16084385.0
2025-03-18T00:00:00+08:00,3.81,3.77,3.84,3.74,15372489.0
2025-03-19T00:00:00+08:00,3.81,3.81,3.86,3.77,12175747.0
2025-03-20T00:00:00+08:00,4.16,3.79,4.19,3.78,78938670.0
2025-03-21T00:00:00+08:00,4.02,4.19,4.23,4.02,59801153.0
2025-03-24T00:00:00+08:00,3.97,4.06,4.24,3.91,38955645.0
2025-03-25T00:00:00+08:00,3.91,3.97,4.02,3.89,23804234.0
2025-03-26T00:00:00+08:00,3.91,3.89,3.94,3.86,15773518.0
2025-03-27T00:00:00+08:00,3.84,3.89,3.9,3.78,15691799.0
2025-03-28T00:00:00+08:00,3.72,3.85,3.87,3.72,17397620.0
2025-03-31T00:00:00+08:00,3.71,3.7,3.73,3.6,16688199.0
2025-04-01T00:00:00+08:00,3.77,3.7,3.82,3.68,12641999.0
2025-04-02T00:00:00+08:00,3.78,3.76,3.8,3.73,7628662.0
2025-04-03T00:00:00+08:00,3.78,3.72,3.81,3.69,9521251.0
2025-04-07T00:00:00+08:00,3.4,3.57,3.62,3.4,18224200.0
2025-04-08T00:00:00+08:00,3.33,3.42,3.44,3.24,22822746.0
2025-04-09T00:00:00+08:00,3.41,3.3,3.43,3.1,23731231.0
2025-04-10T00:00:00+08:00,3.52,3.51,3.59,3.45,17321843.0
2025-04-11T00:00:00+08:00,3.49,3.51,3.59,3.48,13276156.0
2025-04-14T00:00:00+08:00,3.6,3.51,3.7,3.51,16099892.0
2025-04-15T00:00:00+08:00,3.56,3.6,3.61,3.5,12567098.0
2025-04-16T00:00:00+08:00,3.54,3.55,3.59,3.5,12312900.0
2025-04-17T00:00:00+08:00,3.54,3.53,3.58,3.52,7912000.0
2025-04-18T00:00:00+08:00,3.58,3.55,3.64,3.52,10709100.0
2025-04-21T00:00:00+08:00,3.64,3.58,3.68,3.57,8794277.0
2025-04-22T00:00:00+08:00,3.63,3.66,3.66,3.59,5880600.0
2025-04-23T00:00:00+08:00,3.74,3.65,3.81,3.56,18266530.0
2025-04-24T00:00:00+08:00,3.73,3.74,3.78,3.7,12504130.0
2025-04-25T00:00:00+08:00,3.73,3.74,3.78,3.71,11008700.0
2025-04-28T00:00:00+08:00,3.79,3.74,3.88,3.71,14061423.0
2025-04-29T00:00:00+08:00,3.79,3.79,3.9,3.76,9969550.0
2025-04-30T00:00:00+08:00,3.74,3.8,3.81,3.68,12232750.0
2025-05-06T00:00:00+08:00,3.83,3.77,3.84,3.73,10782900.0
2025-05-07T00:00:00+08:00,4.02,3.85,4.05,3.84,19878326.0
2025-05-08T00:00:00+08:00,3.93,3.99,4.06,3.93,10712900.0
2025-05-09T00:00:00+08:00,3.94,3.94,3.97,3.9,8756270.0
2025-05-12T00:00:00+08:00,3.9,3.98,3.98,3.88,9272470.0
2025-05-13T00:00:00+08:00,3.91,3.94,3.96,3.89,7420052.0
2025-05-14T00:00:00+08:00,3.97,3.93,3.98,3.9,9539950.0
2025-05-15T00:00:00+08:00,3.91,3.97,3.98,3.89,7402919.0
2025-05-16T00:00:00+08:00,3.9,3.95,3.95,3.87,7719189.0
2025-05-19T00:00:00+08:00,4.29,4.13,4.29,4.1,23720620.0
2025-05-20T00:00:00+08:00,4.27,4.7,4.72,4.16,100005191.0
2025-05-21T00:00:00+08:00,4.24,4.15,4.3,4.08,50905588.0
2025-05-22T00:00:00+08:00,4.23,4.22,4.37,4.22,33816660.0
2025-05-23T00:00:00+08:00,4.26,4.25,4.38,4.23,25620600.0
2025-05-26T00:00:00+08:00,4.27,4.25,4.39,4.24,19768800.0
2025-05-27T00:00:00+08:00,4.3,4.27,4.32,4.18,17879300.0
2025-05-28T00:00:00+08:00,4.21,4.32,4.36,4.2,13226300.0
2025-05-29T00:00:00+08:00,4.19,4.24,4.24,4.16,17654474.0
2025-05-30T00:00:00+08:00,4.15,4.19,4.19,4.12,14054805.0
2025-06-03T00:00:00+08:00,3.89,4.14,4.15,3.79,40586903.0
2025-06-04T00:00:00+08:00,3.89,3.87,3.9,3.84,15100910.0
2025-06-05T00:00:00+08:00,3.76,3.91,3.91,3.72,22886000.0
2025-06-06T00:00:00+08:00,3.76,3.77,3.78,3.73,12686259.0
2025-06-09T00:00:00+08:00,3.78,3.77,3.82,3.73,13113900.0
2025-06-10T00:00:00+08:00,3.77,3.8,3.81,3.71,11631800.0
2025-06-11T00:00:00+08:00,3.74,3.77,3.79,3.73,14649750.0
2025-06-12T00:00:00+08:00,3.68,3.73,3.74,3.66,11277898.0
2025-06-13T00:00:00+08:00,3.62,3.67,3.68,3.6,11169246.0
2025-06-16T00:00:00+08:00,3.64,3.61,3.66,3.59,8153002.0
2025-06-17T00:00:00+08:00,3.67,3.64,3.71,3.62,8661400.0
2025-06-18T00:00:00+08:00,3.64,3.68,3.68,3.61,6870000.0
2025-06-19T00:00:00+08:00,3.59,3.64,3.64,3.57,9735054.0
2025-06-20T00:00:00+08:00,3.55,3.6,3.62,3.55,7693600.0
2025-06-23T00:00:00+08:00,3.58,3.54,3.59,3.53,6756900.0
2025-06-24T00:00:00+08:00,3.65,3.59,3.67,3.56,9581768.0
2025-06-25T00:00:00+08:00,3.66,3.66,3.68,3.62,9139800.0
2025-06-26T00:00:00+08:00,3.6,3.68,3.72,3.58,13930650.0
2025-06-27T00:00:00+08:00,3.61,3.61,3.65,3.59,9977398.0
2025-06-30T00:00:00+08:00,3.6,3.62,3.64,3.57,9218077.0
2025-07-01T00:00:00+08:00,3.64,3.62,3.65,3.58,9955551.0
2025-07-02T00:00:00+08:00,3.73,3.65,3.84,3.61,31438390.0
2025-07-03T00:00:00+08:00,3.68,3.72,3.73,3.64,21709979.0
2025-07-04T00:00:00+08:00,3.82,3.7,3.92,3.69,49490650.0
2025-07-07T00:00:00+08:00,3.75,3.76,3.87,3.71,23794991.0
2025-07-08T00:00:00+08:00,3.8,3.76,3.81,3.7,21081180.0
2025-07-09T00:00:00+08:00,3.79,3.79,3.87,3.77,14931380.0
2025-07-10T00:00:00+08:00,3.84,3.79,3.85,3.78,14097378.0
2025-07-11T00:00:00+08:00,3.91,3.86,3.95,3.85,25013671.0
2025-07-14T00:00:00+08:00,3.84,3.89,3.94,3.84,14035800.0
2025-07-15T00:00:00+08:00,3.79,3.85,3.86,3.75,16434519.0
2025-07-16T00:00:00+08:00,3.75,3.79,3.82,3.73,9997839.0
2025-07-17T00:00:00+08:00,3.83,3.75,3.83,3.73,13404769.0
2025-07-18T00:00:00+08:00,3.85,3.85,3.89,3.81,10031100.0
2025-07-21T00:00:00+08:00,3.97,3.88,4.01,3.88,24435512.0
2025-07-22T00:00:00+08:00,4.08,3.97,4.08,3.93,25072095.0
2025-07-23T00:00:00+08:00,4.02,4.09,4.16,4.01,26907103.0
2025-07-24T00:00:00+08:00,4.07,3.98,4.08,3.95,18700142.0
2025-07-25T00:00:00+08:00,4.02,4.1,4.11,4.0,18515498.0
2025-07-28T00:00:00+08:00,3.94,4.0,4.02,3.9,22164600.0
2025-07-29T00:00:00+08:00,4.01,3.93,4.01,3.89,16256900.0
2025-07-30T00:00:00+08:00,4.02,4.01,4.08,3.98,19188500.0
2025-07-31T00:00:00+08:00,3.8,4.02,4.02,3.77,27063400.0
2025-08-01T00:00:00+08:00,3.69,3.79,3.8,3.67,22690900.0
2025-08-04T00:00:00+08:00,3.71,3.68,3.73,3.65,14865460.0
2025-08-05T00:00:00+08:00,3.79,3.75,3.81,3.72,14744000.0
2025-08-06T00:00:00+08:00,3.91,3.81,3.93,3.76,23670399.0
2025-08-07T00:00:00+08:00,3.84,3.88,3.91,3.78,14456100.0
2025-08-08T00:00:00+08:00,3.91,3.84,3.95,3.82,17961900.0
2025-08-11T00:00:00+08:00,3.89,3.9,3.93,3.87,13042200.0
2025-08-12T00:00:00+08:00,3.85,3.9,3.9,3.83,11099800.0
2025-08-13T00:00:00+08:00,3.81,3.85,3.89,3.8,14038392.0
2025-08-14T00:00:00+08:00,3.72,3.81,3.83,3.71,16021500.0
2025-08-15T00:00:00+08:00,3.73,3.71,3.77,3.71,11291040.0
2025-08-18T00:00:00+08:00,3.69,3.74,3.76,3.69,19867715.0
2025-08-19T00:00:00+08:00,3.68,3.7,3.74,3.67,16178853.0
2025-08-20T00:00:00+08:00,3.71,3.69,3.72,3.66,18643457.0
2025-08-21T00:00:00+08:00,3.73,3.72,3.75,3.69,19888188.0
2025-08-22T00:00:00+08:00,3.73,3.73,3.74,3.68,14080119.0
2025-08-25T00:00:00+08:00,3.76,3.73,3.81,3.7,28186094.0
2025-08-26T00:00:00+08:00,3.76,3.75,3.77,3.69,18996537.0
2025-08-27T00:00:00+08:00,3.61,3.74,3.76,3.61,26122953.0
2025-08-28T00:00:00+08:00,3.62,3.62,3.65,3.5,22765944.0
2025-08-29T00:00:00+08:00,3.58,3.61,3.64,3.57,16034175.0
2025-09-01T00:00:00+08:00,3.65,3.6,3.66,3.52,15765574.0
2025-09-02T00:00:00+08:00,3.63,3.65,3.67,3.58,15361692.0
2025-09-03T00:00:00+08:00,3.59,3.64,3.67,3.58,10788936.0
2025-09-04T00:00:00+08:00,3.59,3.61,3.62,3.55,12133233.0
2025-09-05T00:00:00+08:00,3.68,3.59,3.72,3.56,19150609.0
2025-09-08T00:00:00+08:00,3.72,3.68,3.74,3.66,15527253.0
2025-09-09T00:00:00+08:00,3.71,3.69,3.75,3.67,14326519.0
2025-09-10T00:00:00+08:00,3.68,3.71,3.71,3.64,11505535.0
2025-09-11T00:00:00+08:00,3.64,3.67,3.67,3.58,19196873.0
2025-09-12T00:00:00+08:00,3.72,3.63,3.74,3.62,25340068.0
2025-09-15T00:00:00+08:00,3.76,3.72,3.77,3.66,23078154.0
2025-09-16T00:00:00+08:00,3.78,3.75,3.82,3.73,22262172.0
2025-09-17T00:00:00+08:00,3.72,3.77,3.78,3.68,14758548.0
2025-09-18T00:00:00+08:00,3.61,3.73,3.73,3.58,28242297.0
2025-09-19T00:00:00+08:00,3.6,3.58,3.69,3.56,17190251.0
2025-09-22T00:00:00+08:00,3.6,3.6,3.61,3.52,13211766.0
2025-09-23T00:00:00+08:00,3.49,3.6,3.6,3.44,14417605.0
2025-09-24T00:00:00+08:00,3.49,3.48,3.51,3.45,10058800.0
2025-09-25T00:00:00+08:00,3.45,3.49,3.5,3.44,9533803.0
2025-09-26T00:00:00+08:00,3.46,3.45,3.48,3.42,12206607.0
2025-09-29T00:00:00+08:00,3.49,3.45,3.49,3.35,15087128.0
2025-09-30T00:00:00+08:00,3.48,3.48,3.52,3.45,10482901.0
2025-10-09T00:00:00+08:00,3.61,3.52,3.62,3.51,22504643.0
2025-10-10T00:00:00+08:00,3.66,3.59,3.66,3.55,17298326.0
2025-10-13T00:00:00+08:00,3.66,3.6,3.68,3.52,16455956.0
2025-10-14T00:00:00+08:00,3.63,3.67,3.72,3.6,14266700.0
2025-10-15T00:00:00+08:00,3.66,3.63,3.68,3.61,13087453.0
2025-10-16T00:00:00+08:00,3.57,3.65,3.66,3.57,12654646.0
2025-10-17T00:00:00+08:00,3.56,3.58,3.67,3.55,14242300.0
2025-10-20T00:00:00+08:00,3.57,3.58,3.6,3.52,9773171.0
2025-10-21T00:00:00+08:00,3.62,3.58,3.64,3.54,10312500.0
2025-10-22T00:00:00+08:00,3.64,3.6,3.67,3.58,9873700.0
2025-10-23T00:00:00+08:00,3.66,3.64,3.67,3.59,10253225.0
2025-10-24T00:00:00+08:00,3.56,3.65,3.69,3.55,13716037.0
2025-10-27T00:00:00+08:00,3.6,3.59,3.64,3.56,14802350.0
2025-10-28T00:00:00+08:00,3.63,3.6,3.64,3.56,14122400.0
2025-10-29T00:00:00+08:00,3.61,3.62,3.63,3.45,20769264.0
2025-10-30T00:00:00+08:00,3.6,3.61,3.64,3.58,16391359.0
2025-10-31T00:00:00+08:00,3.57,3.59,3.62,3.56,10576498.0
2025-11-03T00:00:00+08:00,3.59,3.57,3.62,3.55,13182600.0
2025-11-04T00:00:00+08:00,3.56,3.57,3.6,3.53,12336587.0
2025-11-05T00:00:00+08:00,3.59,3.55,3.61,3.52,13040100.0
2025-11-06T00:00:00+08:00,3.6,3.6,3.61,3.56,11811898.0
2025-11-07T00:00:00+08:00,3.62,3.6,3.65,3.59,13117600.0
2025-11-10T00:00:00+08:00,3.64,3.62,3.68,3.58,15314719.0
2025-11-11T00:00:00+08:00,3.69,3.66,3.7,3.63,15481500.0
2025-11-12T00:00:00+08:00,3.66,3.69,3.69,3.62,11742292.0
2025-11-13T00:00:00+08:00,3.7,3.67,3.71,3.63,12439504.0
2025-11-14T00:00:00+08:00,3.7,3.6,3.74,3.6,11127110.0
